	Sulfur transfer pathway CsdAEL	Sulfate assimilation related cluster	Stress proteins YciF, YciE	Two partner secretion pathway (TPS)	Type 4 conjugative transfer system, IncI1 type	Type III secretion systems	Siderophore Pyoverdine	Trans-envelope signaling system VreARI in Pseudomonas	L-2-amino-4-methoxy-trans-3-butenoic acid synthesis	Extracellular matrix proteins (PEL) involved in glucose-rich biofilm formation in Pseudomonas	Extracellular matrix proteins (PSL) involved in mannose-rich biofilm formation in Pseudomonas	IbrA and IbrB: co-activators of prophage gene expression	Rhamnolipids in Pseudomonas	Respiratory Systems - Shewanella (updated)	Phenazine biosynthesis	Periplasmic nitrate reductase EC 1.7.99.4	Outer membrane porins in Pseudomonas and Acinetobacter	Mycobacterial gene cluster associated with resistance against FAS-II antibiotics	Mycobacterial FadE proteins Acyl-CoA dehydrogenase	Mycobacterial FadD proteins (fatty acid CoA- and AMP- ligases)	MexXY System of Pseudomonas aeruginosa	Heme and heme d1 biosynthesis from siroheme	Malonate decarboxylase	Salmochelin-mediated Iron Acquisition	Potential DNA repair cluster	Type III secretion system	Cholera toxin	Beta-lactamases Ambler class D	Pseudomonadaceae	Cytochrome c oxidase EC 1.9.3.1	ABC-type iron transport system	Aestuariirhabdaceae	Geothermobacteraceae	CMP-pseudaminic acid synthesis	Biogenesis of cbb3-type cytochrome c oxidases	Adenylylsulfate reductase	Coenzyme PQQ synthesis	Marinobacteraceae	Colwelliaceae	Acyclic terpene utilization	Pseudomonas Culture	N12M_Pseudomonas aeruginosa	N12M_mucoid	N12M_non_mucoid
1068841_20180306_S	207.057666361025	34.4107296531217	0.0	289.524759840058	2.37315376918081	1.1865768845904	0.1977628140984	2.37315376918081	0.0	1.1865768845904	0.0	0.0	0.0	415.895198048936	0.0	347.37038296384	2.37315376918081	0.0	70.0080361908338	0.0	0.0	8.50380100623122	205.475563848238	0.0	289.129234211861	1.1865768845904	0.0	0.0	3071.1942997340093	4.54854472426321	34.4107296531217	0.0	0.0	0.0	3.95525628196801	34.4107296531217	0.0	111.85130622111576	2.6952121980991746	2.37315376918081	0.0	1.0		
1447437_20171212_S	37.4275739684488	28.6944733758107	0.0	311.896449737073	2.49517159789658	84.8358343284838	30.3579211077418	254.507502985452	0.0	89.826177524277	54.8937751537248	27.4468875768624	49.9034319579317	59.2603254500439	49.6955009914403	55.517568053199	299.42059174759	7.48551479368975	63.6268757463629	19.3375798836985	30.5658520742331	3.32689546386211	190.880627239089	6.23792899474146	231.6350966714	69.8648047411043	22.4565443810692	18.7137869842244	23043.378500600957	159.898913231873	14.9710295873795	1.2711834781740974	0.0	2.49517159789658	155.532362935554	28.6944733758107	29.942059174759	24.7880778243949	0.0	119.768236699036	1.0	1.0	1.0	
1128691_20171206_S	1051.66719013803	2361.29048351747	783.789698310419	6637.40896417305	277.79888041382	3814.77391139692	1564.2722670921	7698.99754289728	381.973460569002	5317.8642822074	2847.43852424165	942.531915689745	1686.63605965533	1230.25218468977	1832.14975891971	1250.09496186219	10973.0557763459	446.462486379353	1031.82441296562	709.379283913861	724.261366793172	89.2924972758706	2734.99612026463	446.462486379353	4213.2830196096	2902.00616146579	932.610527103537	1091.35274448286	498342.7394069695	3904.06640867279	754.025532551796	14.3330645883723	28.6661291767446	2430.74020362092	3755.24557987967	416.698320620729	1269.9377390346	419.2421392098898	50.165726059303054	4028.08376600038	1.0	1.0	1.0	
1128691_20171218_S	849.490656073564	1435.34628095188	893.429827939438	5184.82228017313	336.866984305034	2541.14877290971	1454.87480178116	5331.28618639271	168.433492152517	4086.34298352628	2372.7152807572	864.137046695522	1259.58959348839	1318.17515597622	1615.9850986227	1318.17515597622	8839.09674035165	424.745328036782	922.722609183354	512.62367176853	732.3195310979	39.0570416585547	1716.06876787275	219.69585932937	2602.1754005012	2116.40344487293	395.452546792866	878.78343731748	431952.96321583545	3934.99694709938	629.794796744194	16.92782539512366	39.49825925528854	2270.19054640349	3832.47221274568	248.988640573286	673.733968610068	445.7660687382563	33.85565079024732	3354.02345242838	1.0	1.0	1.0	
1128691_20180116_S	1404.45985987186	2555.53778626168	897.695992907787	7123.65207275212	173.747611530539	4510.19841598025	1809.87095344312	8310.9274182108	354.734706874851	4879.41209048265	3764.53158316169	752.906316632338	1780.91301818803	1527.53108470599	2321.46114294971	1498.5731494509	12299.8829995994	506.763866964073	1028.00670155569	658.793027053295	781.864251887427	159.268643902995	2444.53236778384	289.579352550899	3836.92642129941	3496.67068205211	752.906316632338	752.906316632338	503787.5240622236	4355.75609461977	694.990446122158	52.02642942614848	67.63435825399303	2881.31455788145	4167.52951546169	296.818836364672	977.330314859284	426.6167212944176	52.02642942614848	4372.64822351858	1.0	1.0	1.0	
1162967_20180116_S	744.228349670796	1220.53449346011	451.498532133616	4911.90710782725	59.5382679736637	2718.91423746398	790.53589142809	5626.36632351122	243.114594225793	3016.60557733229	1925.07066448179	615.228769061191	1041.91968953911	769.035961326489	1017.11207788342	828.574229300153	5834.75026141904	545.767456425251	962.535332240896	267.922205881487	451.498532133616	72.7689941900334	1516.57199255138	138.922625271882	2933.91353847998	1905.22457515724	793.843572982183	208.383937907823	287681.9503705796	2492.33805100864	327.46047385515	11.449420277686606	45.79768111074642	0.0	2308.76172475651	138.922625271882	540.805934094112	240.43782583141876	30.53178740716428	2123.53155772734	1.0	1.0	1.0	
1590009_20171212_S	31.4638613953973	34.0858498450137	0.0	191.405156822	0.0	5.24397689923287	1.74799229974429	0.0	0.0	0.0	0.0	34.0858498450137	0.0	104.879537984658	2.62198844961644	99.6355610854246	20.9759075969315	0.0	76.0376650388767	0.0	0.0	13.1099422480822	270.501808385429	5.24397689923287	294.536702506913	5.24397689923287	0.0	0.0	2419.8629166661867	13.1099422480822	5.24397689923287	0.0	0.0	10.4879537984657	10.4879537984657	23.5978960465479	3.93298267442466	13.821206568298068	1.151767214024839	2.62198844961644	0.0	1.0		
1282052_20180206_S	54.8524673401237	99.3554125406014	0.0	300.136142049733	0.0	175.424400266999	62.787100980519	552.664482257095	14.4893309955044	220.444821574459	117.984552391964	42.4330407725485	54.8524673401237	66.2369416937343	90.3858266862416	62.0971328378759	499.364443237919	19.6640920653274	39.3281841306547	30.0136142049733	20.699044279292	6.55469735510912	163.694941842067	22.7689487072212	220.099837503138	140.236024992203	0.0	12.4194265675752	32030.77678832848	117.467076284982	21.7339964932566	0.5752240641535895	2.300896256614358	0.0	106.600078038354	22.7689487072212	66.2369416937343	34.51344384921536	2.300896256614358	193.53606401138	1.0	1.0		
1316935_20180417_S	65.6302250253539	42.1908589448704	29.6898637019458	212.516919129717	34.3777369180425	57.8171029985261	31.2524881073114	146.886694104364	10.938370837559	46.8787321609671	34.3777369180425	12.5009952429246	40.6282345395048	226.580538778008	42.1908589448704	207.829045913621	112.508957186321	9.37574643219342	75.0059714575473	7.81312202682785	15.6262440536557	4.16699841430819	256.791277281742	18.7514928643868	313.566630676691	57.8171029985261	0.0	18.7514928643868	12010.984287431314	98.4453375380309	43.753483350236	0.0	0.0	0.0	93.7574643219342	14.0636196482901	9.37574643219342	45.17466166916268	2.7378582829795564	46.8787321609671	1.0	1.0		
1651490_20171215_S	24.9613545583843	0.0	1.88387581572712	178.026264586213	0.0	0.94193790786356	0.313979302621187	2.82581372359068	0.0	0.0	0.94193790786356	0.0	0.94193790786356	60.0485416263019	0.94193790786356	39.0904231763377	13.6580996640216	0.0	6.59356535504492	0.0	0.0	0.0	82.812041066338	0.0	49.2947505115263	0.94193790786356	0.0	0.0	4203.983410774677	0.784948256552967	4.7096895393178	0.0	0.0	0.0	0.313979302621187	0.0	0.94193790786356	18.71903559528613	0.5199732109801704	1.41290686179534	0.0	1.0	0.0	1.0
1447437_20171006_S	32.3894431274705	17.50780709593	0.0	109.423794349563	3.501561419186	15.757026386337	3.501561419186	21.009368515116	0.0	12.255464967151	3.501561419186	0.875390354796501	7.00312283837201	58.2134585939673	2.6261710643895	52.0857261103918	41.1433466754355	0.0	81.4113029960746	0.875390354796501	0.875390354796501	0.583593569864334	214.908332102541	2.6261710643895	158.445654218167	14.006245676744	0.0	0.0	4810.942630867298	19.8421813753874	5.25234212877901	0.0	0.4311653191313226	5.25234212877901	18.0914006657943	17.50780709593	1.750780709593	12.503794254808357	0.4311653191313226	20.1339781603195	1.0	1.0		
1465461_20180406_S	226.702630696964	13.3212015900994	0.968814661098138	331.334614095563	45.5342890716125	1.93762932219628	1.29175288146418	72.6610995823604	0.484407330549069	4.35966597494162	1.93762932219628	23.7359591969044	0.0	656.856340224538	1.45322199164721	384.861624121235	42.6278450883181	0.968814661098138	239.29722129124	0.0	1.93762932219628	4.03672775457558	321.081325598941	0.0	426.601389103547	1.93762932219628	0.0	0.968814661098138	2015.3693016229183	7.18537540314452	13.0789979248249	0.0	0.4274831480799487	0.968814661098138	4.52113508512465	13.3212015900994	2.42203665274535	25.43524731075695	0.6412247221199231	9.68814661098138	1.0	1.0		
1470026_20180502_S	8.04010996458404	0.0	0.0	78.3910721546944	0.0	2.01002749114601	0.0	0.0	0.0	0.0	0.0	20.1002749114601	0.0	8.04010996458404	0.0	4.02005498229202	22.1103024026061	0.0	4.02005498229202	0.0	0.0	1.34001832743067	209.7128682429	0.0	170.852336747411	2.01002749114601	0.0	0.0	404.3022143381549	6.03008247343803	0.0	0.0	0.0	0.0	0.0	0.0	0.0	3.917657115679796	0.0	0.0	0.0	0.0	0.0	0.0
1565754_20171128_S	321.440297439417	40.9478085910086	28.663466013706	337.819420875821	16.3791234364034	71.658665034265	30.7108564432564	122.843425773026	4.09478085910086	77.8008363229163	63.4691033160633	30.7108564432564	14.331733006853	460.662846648846	26.2748438458972	397.193743332783	235.449899398299	0.0	378.767229466829	10.2369521477521	17.4028186511786	0.0	209.51628729066	18.4265138659539	288.68205056661	67.5638841751641	26.6160755841556	8.18956171820171	13977.457858164044	370.577667748628	36.8530277319077	0.9499427659483516	0.9499427659483516	24.5686851546051	413.572866769186	12.2843425773026	27.6397707989308	86.44479170129999	8.549484893535164	40.9478085910086	1.0	1.0	1.0	
1565754_20180403_S	133.201279819645	272.74547772594	82.4579351264471	1167.09692794356	6.34291808664978	358.374871895712	186.058930541727	888.008532130969	38.0575085198987	513.776365018632	272.74547772594	38.0575085198987	152.230034079595	234.687969206042	189.230389585052	202.973378772793	1271.75507637328	50.7433446931982	196.630460686143	79.2864760831222	38.0575085198987	8.45722411553304	359.432024910154	44.4004266065484	814.007821120055	313.974445289164	69.7720989531475	114.172525559696	57987.557142776415	431.318429892185	69.7720989531475	0.0	5.650707186004329	12.6858361732996	431.318429892185	50.7433446931982	79.2864760831222	62.15777904604761	5.650707186004329	418.632593718885	1.0	1.0	1.0	
1586713_20180309_S	0.0	0.0	0.0	14.2993216287139	0.0	0.0	0.0	0.0	0.0	1.50519175039094	0.0	0.0	0.0	0.940744843994336	0.0	0.752595875195469	0.0	0.0	0.752595875195469	0.0	0.0	0.0	249.924546887829	0.0	25.0865291731823	0.0	0.0	0.752595875195469	5851.892153242306	0.376297937597734	0.0	0.0	0.0	0.0	0.376297937597734	0.0	0.0	0.5328783262931225	4.973531045402477	0.376297937597734	0.0	1.0		
1593967_20180424_S	170.496399305129	71.7879576021596	22.4337367506749	513.732571590455	13.4602420504049	126.750612641313	99.456232927992	345.479545960393	8.97349470026995	139.089167854184	62.8144629018897	15.7036157254724	47.1108471764173	264.718093657964	65.8056278019797	261.353033145362	435.214492963093	33.6506051260123	217.607246481546	19.0686762380736	23.5554235882086	6.73012102520246	315.567896959493	22.4337367506749	278.178335708369	117.777117941043	13.4602420504049	22.4337367506749	25366.071428571428	292.386368983796	33.6506051260123	0.0	0.0	6.73012102520246	292.386368983796	13.4602420504049	52.719281364086	94.24603174603176	6.944444444444445	118.898804778577	1.0	1.0	0.0	0.0
1593973_20180427_S	14.7656253887013	12.8396742510446	4.4938859878656	283.756800948085	1.28396742510446	26.3213322146414	6.63383169637303	67.408289817984	3.53091041903726	47.5067947288649	24.3953810769847	7.06182083807452	8.9877719757312	27.926291496022	17.868546666037	29.2102589211264	50.7167132916261	5.13586970041783	16.691576526358	6.41983712552229	4.81487784414172	1.06997285425371	321.09885356154	3.85190227531337	279.690904101921	23.1114136518802	0.0	1.28396742510446	5760.47965592057	28.8892670648503	4.4938859878656	0.0	0.5633996435933855	1.28396742510446	27.926291496022	5.13586970041783	8.66678011945509	10.14119358468094	2.535298396170235	30.815218202507	1.0	1.0	0.0	0.0
1593973_20180504_S	9.65982325968762	27.2085021814535	5.31290279282819	238.91962862294	2.89794697790629	37.6733107127817	14.2750721504273	93.0562974016574	3.70293224954692	47.6551280811256	40.571257690688	17.0656877587815	17.3876818674377	16.421699541469	20.3929602148961	17.709675976094	87.421400500173	9.01583504237511	15.1337231068439	3.86392930387505	12.2357761289377	0.858650956416678	373.03017487827	3.21994108656254	125.041045528179	32.5214049742817	0.0	4.82991162984381	8833.122663238833	42.9862135056099	11.5917879116251	0.2974515983041095	0.594903196608219	1.28797643462502	40.7322547450161	7.56686155342197	13.5237525635627	8.179918953363009	3.123241782193149	35.0973578435317	1.0	1.0	0.0	0.0
1588281_20180508_S	18.276647079468	22.4943348670376	2.8117918583797	320.544271855285	2.8117918583797	18.276647079468	7.96674359874247	42.1768778756954	2.8117918583797	7.02947964594924	26.7120226546071	2.8117918583797	11.2471674335188	28.8208665483919	7.96674359874247	28.8208665483919	59.0476290259736	4.21768778756954	234.784620174705	3.51473982297462	2.8117918583797	3.74905581117293	242.28273179705	4.21768778756954	398.80581191352	15.4648552210883	0.0	5.62358371675939	5402.276429354944	169.879091443773	14.0589592918985	0.0	1.2666533245849811	8.43537557513909	171.284987372963	16.8707511502782	12.6530633627086	8.866573272094866	3.799959973754943	25.3061267254173	1.0	1.0		
1651490_20171010_S	0.0	77.011673258295	0.0	718.77561707742	0.0	77.011673258295	0.0	0.0	0.0	0.0	51.34111550553	0.0	0.0	179.693904269355	0.0	179.693904269355	282.376135280415	0.0	51.34111550553	0.0	0.0	17.11370516851	149.744920224463	0.0	239.59187235914	77.011673258295	0.0	0.0	10096.014667567308	154.02334651659	51.34111550553	0.0	0.0	0.0	154.02334651659	25.670557752765	0.0	0.0	0.0	51.34111550553	0.0	1.0	0.0	1.0
1651490_20180206_S	134.022492590737	0.0	0.0	255.280938268071	0.0	25.5280938268071	0.0	19.1460703701053	0.0	12.7640469134035	31.9101172835089	0.0	0.0	102.112375307228	12.7640469134035	121.258445677334	12.7640469134035	0.0	0.0	0.0	0.0	0.0	65.9475757192516	0.0	95.7303518505266	25.5280938268071	0.0	0.0	6692.664418212478	13.8277174895205	12.7640469134035	0.0	0.0	0.0	13.8277174895205	0.0	0.0	28.10567734682406	0.0	0.0	0.0	1.0	0.0	1.0
1658447_20171006_S	17.1672842135779	9.36397320740615	0.780331100617179	171.672842135779	1.56066220123436	6.24264880493743	3.38143476934111	18.7279464148123	3.12132440246871	15.6066220123436	5.46231770432025	7.02297990555461	1.56066220123436	44.4788727351792	5.98253843806504	38.2362239302418	42.1378794333277	0.0	85.8364210678897	2.34099330185154	0.780331100617179	0.0	278.968368470641	0.0	211.469728267255	6.24264880493743	1.56066220123436	1.56066220123436	3530.3464886419283	8.58364210678897	0.0	0.0	0.0	0.0	8.58364210678897	0.0	3.90165550308589	8.566203187484206	2.855401062494736	16.3869531129608	1.0	1.0	1.0	0.0
1664053_20180406_S	19.0191983920714	35.660996985134	7.13219939702679	437.441563017643	0.0	43.9818962816652	28.5287975881072	135.511788543509	2.37739979900893	64.1897945732411	23.7739979900893	28.5287975881072	14.2643987940536	59.4349949752233	42.7931963821607	57.0575951762143	194.946783518732	4.75479959801786	147.398787538554	9.50959919603572	13.0756988945491	4.75479959801786	175.531351826826	4.75479959801786	367.704502246715	34.4722970856295	23.7739979900893	0.0	9610.519488877995	56.2651285765447	26.1513977890982	0.0	2.9704881997356263	0.0	46.755529380509	7.13219939702679	17.830498492567	4.950813666226044	1.9803254664904175	104.605591156393	1.0	1.0	1.0	
1690154_20180406_S	4.14080868233722	2.07040434116861	0.0	272.258170863672	0.0	7.24641519409013	0.0	9.31681953525874	0.0	10.352021705843	4.14080868233722	2.07040434116861	6.21121302350582	10.8696227911352	1.0352021705843	7.76401627938228	39.3376824822036	2.07040434116861	36.2320759704506	0.0	1.0352021705843	1.0352021705843	167.185150549365	0.0	191.857468948291	7.24641519409013	0.0	0.0	2652.3657144255653	8.45415105977182	1.0352021705843	0.0	1.7481401973475468	2.07040434116861	8.45415105977182	0.0	1.0352021705843	3.059245345358207	2.6222102960213203	42.4432889939565	1.0	1.0		
1085876_20180227_S	98.4169156182686	2.70046414806225	0.0	496.885403243454	0.600103144013833	0.600103144013833	0.0	0.0	0.300051572006917	0.600103144013833	0.0	0.0	0.0	95.7164514702064	1.8003094320415	81.9140791578882	2.40041257605533	0.0	196.233728092523	1.20020628802767	0.0	0.800137525351777	251.543234532465	7.201237728166	178.230633772108	0.600103144013833	0.0	0.0	2278.253059595199	271.346638284921	7.201237728166	0.0	0.0	1.20020628802767	317.25452880198	2.70046414806225	5.10087672411758	32.31966759505384	7.371152258521052	6.60113458415216	1.0	1.0	1.0	
1834617_20180501_S	5.26650824313245	0.0	0.0	90.4083915071071	0.0	0.0	0.0	1.75550274771082	0.0	0.0	0.0	1.75550274771082	0.0	19.310530224819	0.0	18.4327788509636	13.1662706078311	0.0	16.6772761032528	0.0	0.0	0.0	384.747685539954	0.0	189.301712961483	0.0	0.0	0.0	2443.751972732337	2.34067033028109	0.0	0.0	0.0	0.0	1.46291895642568	0.0	0.877751373855409	6.355110886093112	0.423674059072874	3.51100549542164	0.0	0.0	0.0	0.0
1845116_20180403_S	172.975048130018	3.93125109386405	0.0	341.457237867049	24.7107211614312	0.0	2.62083406257603	60.653588305331	0.0	0.0	0.0	2.24642919649374	0.0	423.171099889509	0.561607299123436	265.640252485385	2.24642919649374	0.0	263.393823288891	0.0	0.0	2.62083406257603	232.0374157545	1.12321459824687	222.022085586798	0.0	0.0	0.0	1346.3600078333675	44.7413814968337	4.49285839298748	0.0	1.5141818269916034	1.68482189737031	52.3230800350001	3.93125109386405	0.0	24.73163650752952	2.2712727404874054	9.5473240850984	0.0	0.0	0.0	0.0
1862551_20180123_S	0.0	0.0	0.0	66.3735471230553	0.0	0.0	0.0	0.0	0.0	0.0	0.0	0.0	0.0	0.0	0.0	0.0	8.29669339038192	0.0	0.0	0.0	0.0	2.76556446346064	230.924632698963	0.0	106.474231843235	0.0	0.0	0.0	859.8494286398256	8.29669339038192	0.0	0.0	0.0	0.0	8.29669339038192	0.0	0.0	0.0	0.0	20.7417334759548	0.0	0.0	0.0	0.0
623361_20180123_S	47.199517048548	54.0172250666716	3.1466344699032	1091.88216105641	0.0	8.39102525307521	6.29326893980641	11.5376597229784	1.0488781566344	14.6842941928816	10.488781566344	4.1955126265376	6.29326893980641	106.985571976709	5.59401683538347	100.692303036903	33.5641010123008	6.29326893980641	136.354160362472	0.0	2.622195391586	0.699252104422934	191.070637533567	2.0977563132688	205.929744752554	7.34214709644081	0.0	0.0	3648.823934926082	42.3047523175875	13.6354160362472	0.0	0.0	2.0977563132688	45.9758258658079	47.7239561268652	1.0488781566344	20.76144486444428	12.268126510807985	20.977563132688	1.0	1.0	1.0	
634207_20180510_S	1.62486165221856	0.0	0.0	365.052251198436	0.0	0.812430826109278	0.361080367159679	0.0	0.0	0.0	0.541620550739519	0.0	0.0	225.58495938301	0.0	224.7725285569	5.41620550739519	0.0	131.613793829703	0.0	0.0	0.361080367159679	174.040736970965	0.0	312.695597960282	0.812430826109278	0.0	0.0	609.6715639540396	0.541620550739519	6.49944660887422	0.0	0.0	1.08324110147904	0.541620550739519	0.0	0.541620550739519	8.534940547218866	4.152133239187556	5.95782605813471	0.0	0.0	0.0	0.0
634207_20180517_S	0.0	0.885072006961322	0.0	351.373586763645	0.0	0.885072006961322	0.0	0.0	0.0	0.0	1.77014401392264	0.0	0.0	167.721145319171	0.0	166.836073312209	5.31043204176793	0.0	73.4609765777898	0.0	0.0	0.0	165.803489304088	0.0	295.319026322761	0.885072006961322	0.0	1.77014401392264	798.7521733331104	3.24526402552485	0.885072006961322	0.0	0.0	1.77014401392264	3.24526402552485	0.885072006961322	0.0	5.055393502108293	2.722134962673697	19.4715841531491	0.0	0.0	0.0	0.0
639354_20171206_S	708.141807586332	1220.75192203315	475.617631960969	6050.91320661455	285.370579176582	2039.87117707705	905.435047510882	1247.17512380876	155.896890476095	2785.00546714923	1474.414659079	454.479070540482	871.96565859511	1186.40175972486	1102.72828743543	1117.70143510828	6148.67905318431	364.64018450341	491.471553026335	335.574662550239	303.866820419508	91.6004328221126	1358.15257126632	253.66273704585	2238.92596378664	1632.95386973266	470.332991605847	253.66273704585	281081.6866634537	2055.72509814241	465.048351250725	6.34147578824544	21.138252627484803	0.0	1955.3169313951	248.378096690728	642.083803147308	240.97607995332675	31.7073789412272	1976.45549281558	1.0	1.0		
642660_20180601_S	6.27999151528295	4.70999363646221	0.0	150.719796366791	0.0	0.0	0.0	0.0	1.56999787882074	6.27999151528295	0.0	0.0	0.0	9.41998727292443	1.04666525254716	10.9899851517452	6.27999151528295	1.56999787882074	10.9899851517452	1.56999787882074	0.0	2.09333050509432	241.25634071212	0.0	83.7332202037727	0.0	0.0	0.0	5014.825661271843	14.1299809093866	0.0	0.0	0.0	0.0	10.9899851517452	4.70999363646221	0.0	3.587142819221633	2.8697142553773065	0.0	0.0	1.0	0.0	0.0
650003_20180207_S	12.0126014997873	7.64438277259192	0.0	128.862452452264	4.36821872719538	8.19041011349134	6.91634631805936	5.46027340899423	2.73013670449711	37.1298591811608	10.9205468179885	2.18410936359769	4.36821872719538	12.5586288406867	11.1025559316216	10.374519477089	55.6947887717411	0.0	2.18410936359769	6.55232809079308	3.27616404539654	1.45607290906513	193.111669564763	2.18410936359769	112.117613998015	8.19041011349134	4.36821872719538	4.36821872719538	1694.302573779485	234.245729245852	4.36821872719538	0.0	0.3490888170968343	2.18410936359769	28.39342172677	3.27616404539654	6.00630074989365	1.3963552683873373	0.0	19.6569842723792	1.0	1.0		
650003_20180213_S	1.99274065928615	0.0	0.0	56.7931087896552	0.0	0.0	0.332123443214358	0.0	0.0	0.0	0.0	0.0	0.0	0.0	0.0	1.99274065928615	0.0	0.0	1.99274065928615	0.0	0.0	0.664246886428715	211.728695049153	0.0	34.2087146510788	0.0	0.0	0.0	1198.7985234771932	35.5372084239363	0.0	0.0	0.0	0.0	2.65698754571486	0.0	0.0	1.5752937233603064	0.0	0.996370329643073	0.0	1.0		
715927_20180226_S	0.0	0.0	0.0	170.194066968763	0.0	0.0	0.0	0.0	0.0	0.0	0.0	0.0	0.0	13.2293707517736	0.0	12.5142696300561	10.7265168257624	0.0	12.8718201909148	0.0	0.0	0.0	190.097714856566	0.0	167.810396563038	0.0	0.0	0.0	980.0359594943312	1.90693632457997	0.0	0.0	0.0	0.0	1.19183520286248	0.0	0.0	7.763275978250406	1.5526551956500811	45.7664717899194	0.0	0.0	0.0	0.0
658355_20170925_S	0.0	0.0	5.63532257760463	61.988548353651	11.2706451552093	5.63532257760463	3.75688171840309	33.8119354656278	0.0	0.0	11.2706451552093	56.3532257760463	0.0	22.5412903104185	0.0	11.2706451552093	22.5412903104185	11.2706451552093	11.2706451552093	5.63532257760463	0.0	0.0	216.020698808178	0.0	820.878655471075	5.63532257760463	0.0	0.0	2459.724967825245	50.7179031984417	0.0	0.0	0.0	33.8119354656278	22.5412903104185	0.0	0.0	17.246099686767714	0.0	0.0	0.0	1.0	0.0	0.0
658355_20171204_S	199.600422993027	0.0	0.0	306.806303893875	0.0	0.0	0.0	0.705301848031897	0.0	0.0	0.0	3.52650924015949	0.0	331.315543112984	0.0	272.246513340312	6.34771663228707	0.0	56.0714969185358	0.0	0.0	0.235100616010632	248.677676585246	8.46362217638276	252.262960979408	0.0	0.0	0.0	2268.913744903304	301.810415803649	32.4438850094673	0.0	0.0	2.11590554409569	334.959602661148	0.0	6.34771663228707	94.27980909806682	7.666351258839344	4.93711293622328	0.0	1.0	0.0	0.0
658355_20180122_S	36.8055185354858	0.0	0.0	62.4837872811736	0.0	0.0	0.0	0.0	0.0	0.0	0.0	72.7550947794487	0.0	80.8865465489165	0.0	73.1830659252102	1.71188458304585	0.0	136.950766643668	0.0	0.0	0.0	270.763078218419	0.0	133.812311574751	0.0	0.0	0.0	3069.662137654775	9.7006793039265	8.55942291522926	0.0	0.0	0.0	8.84473701240357	0.0	0.855942291522926	23.143169632650064	0.7980403321603471	3.42376916609171	0.0	1.0	0.0	0.0
658355_20180327_S	0.0	0.0	0.0	41.2982826286798	0.0	0.0	6.21694577205933	0.0	0.0	0.0	0.0	0.0	0.0	5.32881066176514	0.0	3.99660799632385	0.0	0.0	0.0	0.0	0.0	5.77287821691223	236.243939338254	0.0	476.92855422798	0.0	0.0	0.0	3357.071433797527	30.6406613051495	0.0	0.0	0.0	0.0	25.3118506433844	0.0	0.0	0.6097114845255226	0.6097114845255226	0.0	0.0	1.0	0.0	0.0
658355_20180321_S	1.2299207926617	0.614960396330852	0.0	11.0692871339553	0.0	1.2299207926617	0.0	1.2299207926617	0.0	0.0	0.0	0.0	0.0	2.45984158532341	0.0	2.45984158532341	1.2299207926617	0.0	3.68976237798511	0.0	0.307480198165426	0.0	270.685067784963	0.0	188.382868076018	1.2299207926617	0.0	0.0	2550.8642003452933	5.32965676820071	0.0	0.0	0.0	0.0	4.09973597553901	0.614960396330852	0.0	0.5301598670571117	2.650799335285559	1.2299207926617	1.0	1.0	0.0	0.0
670829_20170922_S	1.4030823802348	0.0	0.0	123.471249460662	1.4030823802348	2.1046235703522	0.0	0.0	0.0	0.0	0.0	0.0	0.0	25.9570240343438	0.0	25.2554828442264	2.8061647604696	0.0	16.1354473727002	0.0	0.0	0.467694126744934	202.277709817184	0.0	144.283638100812	2.1046235703522	0.0	1.4030823802348	532.5039372063566	21.6308533619532	0.0	0.0	0.0	0.0	15.6677532459553	0.0	0.0	3.1509108710435303	1.4322322141106956	14.7323649924654	0.0	0.0	0.0	0.0
670829_20171001_S	18.8324772826516	0.0	0.0	464.534439638739	0.0	4.7081193206629	0.0	0.0	0.0	0.0	0.0	59.6361780617301	0.0	117.702983016572	2.09249747585018	111.425490589022	25.1099697102021	0.0	18.8324772826516	0.0	0.0	5.23124368962544	240.63720972277	0.0	215.527240012568	4.7081193206629	0.0	0.0	1899.2355980238267	13.6012335930262	0.0	0.0	0.0	6.27749242755053	13.6012335930262	0.0	0.0	10.76054163186304	0.0	0.0	0.0	0.0	0.0	0.0
670829_20171005_S	6.70091767038983	0.0	0.0	256.549419380639	1.91454790582567	0.957273952912833	0.0	1.91454790582567	0.0	0.0	1.91454790582567	22.0173009169952	0.0	99.0778541264783	0.0	99.0778541264783	11.487287434954	1.91454790582567	47.8636976456417	0.0	0.0	2.8718218587385	227.352563816798	0.0	348.766810177909	0.957273952912833	0.0	0.0	2261.917751946443	5.743643717477	1.91454790582567	0.0	0.0	0.0	4.78636976456417	0.0	0.957273952912833	3.423258043051749	3.851165298433217	1.91454790582567	0.0	0.0	0.0	0.0
670829_20180201_S	0.0	1.3364884984091	2.67297699681821	5.34595399363642	0.0	0.0	2.67297699681821	2.67297699681821	0.0	2.67297699681821	1.3364884984091	2.67297699681821	0.0	5.34595399363642	0.0	2.67297699681821	2.67297699681821	1.3364884984091	2.67297699681821	0.0	0.0	0.890992332272737	204.037244090457	0.0	130.08488051182	0.0	0.0	0.0	2779.984935431163	10.6919079872728	0.0	0.0	0.0	2.67297699681821	8.01893099045463	1.3364884984091	3.34122124602276	12.40449401035224	1.3782771122613595	10.6919079872728	0.0	1.0	0.0	1.0
673895_20180122_S	330.604381866805	0.0	470.475466502761	50.8622125948931	0.0	144.957305895445	113.592274795261	0.0	5.08622125948931	0.0	0.0	0.0	0.0	0.0	0.0	0.0	10.1724425189786	0.0	0.0	0.0	0.0	0.0	484.038723194732	0.0	89.8565755843111	144.957305895445	0.0	10.1724425189786	4477.302815929045	275.503651555671	218.70751415804	0.0	0.0	518.794568467909	8.47703543248218	0.0	195.819518490338	42.64097919932424	4.06104563803088	0.0	0.0	0.0	0.0	1.0
673895_20180205_S	33.685063948808	3.3685063948808	0.0	13.4740255795232	0.0	18.5267851718444	6.73701278976159	0.0	0.0	0.0	3.3685063948808	0.0	0.0	5.05275959232119	0.0	5.05275959232119	26.9480511590464	0.0	6.73701278976159	3.3685063948808	0.0	0.0	363.798690647126	0.0	159.442636024358	11.7897723820828	0.0	0.0	3929.303671342071	19.0882029043245	13.4740255795232	0.0	0.0	33.685063948808	8.98268371968212	3.3685063948808	15.1582787769636	0.0	1.1975933164712194	3.3685063948808	0.0	0.0	0.0	1.0
676138_20171001_S	322.805898446508	0.0	0.0	390.765034961562	8.49489206438178	2.12372301609545	0.0	0.0	0.0	0.0	4.24744603219089	530.930754023861	0.0	648.797381417159	0.0	647.735519909111	82.8251976277224	0.0	19.113507144859	0.0	404.569234566182	0.0	151.492241814808	0.0	1017.97123238175	2.12372301609545	0.0	0.0	12047.610214446408	967.00187999546	0.0	0.0	0.0	0.0	592.164767654613	0.0	465.095340524903	29.01132056893837	2.6373927789943976	80.7014746116269	0.0	1.0	0.0	0.0
676138_20171009_S	24.3314712906698	0.0	0.0	23.2735812345538	0.0	0.0	0.0	0.0	0.0	2.11578011223216	2.11578011223216	46.5471624691075	0.0	39.670877104353	0.0	38.6129870482369	7.40523039281256	0.0	2.11578011223216	0.0	21.1578011223216	0.0	169.438723987926	0.0	200.64648064335	0.0	0.0	0.0	872.3854012113554	53.5997628432147	1.05789005611608	0.0	0.0	0.0	41.4340271978798	0.0	23.2735812345538	2.455118389900625	0.0	22.2156911784377	0.0	1.0	0.0	0.0
676138_20180130_S	61.7322730266212	0.649813400280223	0.0	90.324062638951	0.0	0.0	0.0	1.29962680056045	0.0	0.0	0.0	102.670517244275	0.0	164.077883570756	0.0	156.280122767394	17.544961807566	1.29962680056045	12.9962680056045	0.0	77.6527013334866	0.866417867040297	236.965286635521	0.0	318.841775070829	0.0	0.0	0.0	3304.130926541151	196.027042417867	0.0	0.0	0.0	0.0	120.323781285221	0.0	100.071263643154	8.193928242662336	1.1301969989879086	36.3895504156925	0.0	1.0	0.0	0.0
676138_20180323_S	164.734637167189	0.0	0.0	152.826109179199	0.0	0.0	0.661584888221641	0.0	0.0	0.0	0.0	218.323013113142	0.0	293.743690370409	0.0	287.789426376414	57.5578852752828	0.0	25.801810640644	0.0	180.612674484508	1.32316977644328	139.594411414766	0.0	582.194701635045	0.0	0.0	0.0	5532.915334714231	474.687157299028	0.0	0.0	0.0	3.96950932932985	302.013501473179	0.0	291.758935705744	13.161856282400787	1.6452320353000984	55.5731306106179	1.0	1.0	0.0	0.0
676138_20180405_S	5.64049103139719	0.433883925492091	0.0	24.7313837530492	0.0	0.433883925492091	0.0	0.0	0.0	0.0	0.0	9.11156243533392	0.0	10.4132142118102	0.0	9.54544636082601	2.60330355295255	0.867767850984183	0.0	0.0	5.64049103139719	0.0	66.6734965506181	0.0	201.611397378658	0.433883925492091	0.0	0.867767850984183	640.5327448631085	11.0640401000483	0.0	0.0	0.0	0.0	7.80991065885764	0.0	4.33883925492091	3.483996436568445	2.090397861941067	58.1404460159402		1.0	0.0	0.0
698564_20171001_S	229.810780916186	229.810780916186	229.810780916186	631.979647519511	0.0	57.4526952290464	191.508984096821	3791.87788511706	0.0	0.0	0.0	229.810780916186	0.0	229.810780916186	0.0	229.810780916186	1781.03355210044	114.905390458093	172.358085687139	0.0	0.0	0.0	593.677850700146	0.0	727.734139567921	57.4526952290464	0.0	0.0	25047.5249030492	976.695818893789	0.0	0.0	0.0	114.905390458093	545.800604675941	0.0	114.905390458093	45.62390692722987	30.41593795148658	689.432342748557	1.0	1.0	0.0	0.0
698564_20180215_S	0.0	0.0	0.0	0.0	0.0	5.50944152994989	0.0	11.0188830598998	0.0	0.0	22.0377661197996	22.0377661197996	0.0	24.7924868847745	0.0	8.26416229492484	5.50944152994989	0.0	0.0	0.0	0.0	0.0	213.031739158063	0.0	198.339895078196	5.50944152994989	0.0	11.0188830598998	11608.72197229575	16.5283245898497	0.0	0.0	0.0	11.0188830598998	11.0188830598998	0.0	0.0	11.869858867378069	0.0	11.0188830598998	0.0	1.0	0.0	0.0
698564_20181205_S	63.8586295796594	0.0	107.517080414733	41.7035948275326	0.0	0.0	38.6627077046917	929.208222250962	0.0	0.0	0.0	0.0	0.0	7.16780536098217	0.0	5.21294935344158	334.931995958622	0.0	3.90971201508119	0.0	0.0	0.0	500.877550376512	7.81942403016237	115.988123114075	0.0	0.0	0.0	8266.862319665088	78.8458589708039	0.0	0.0	0.0	0.0	30.6260774514693	0.0	1.3032373383604	17.65585213027665	0.6539204492695055	5.21294935344158	1.0	1.0	0.0	0.0
698917_20171207_S	203.730643909731	399.625493822933	78.357939965281	611.191931729192	0.0	266.416995881956	245.521545224547	783.579399652811	31.3431759861124	219.402231902787	109.701115951393	94.0295279583373	219.402231902787	235.073819895843	211.566437906259	172.387467923618	720.893047680586	219.402231902787	532.833991763911	125.37270394445	70.522145968753	26.1193133217603	255.969270553251	0.0	449.252189134278	235.073819895843	0.0	0.0	41976.63488653149	394.401631158581	62.6863519722248	0.0	0.0	0.0	378.730043165525	54.8505579756967	164.55167392709	26.856452262656106	0.0	329.10334785418	0.0	1.0	0.0	0.0
698917_20180119_S	0.0	44.1765011096188	0.0	176.706004438475	88.3530022192375	0.0	88.3530022192375	176.706004438475	0.0	0.0	0.0	0.0	0.0	265.059006657713	44.1765011096188	176.706004438475	132.529503328856	44.1765011096188	0.0	0.0	0.0	0.0	242.970756102903	0.0	574.294514425044	0.0	0.0	0.0	11373.039545848167	176.706004438475	88.3530022192375	0.0	0.0	88.3530022192375	176.706004438475	44.1765011096188	176.706004438475	38.4874434715674	0.0	176.706004438475	0.0	1.0	0.0	0.0
698917_20180128_S	392.963042387241	0.0	0.0	785.926084774483	0.0	235.777825432345	0.0	628.740867819586	0.0	0.0	0.0	0.0	0.0	471.55565086469	0.0	157.185216954897	0.0	0.0	0.0	0.0	0.0	26.1975361591494	170.283985034471	0.0	157.185216954897	235.777825432345	0.0	0.0	6464.793462442628	288.172897750644	157.185216954897	0.0	0.0	0.0	288.172897750644	0.0	0.0	0.0	0.0	0.0	0.0	1.0	0.0	0.0
698917_20180329_S	0.0	0.0	0.0	1194.07313271483	0.0	0.0	0.0	597.036566357416	0.0	0.0	597.036566357416	0.0	0.0	1194.07313271483	0.0	597.036566357416	1492.59141589354	0.0	0.0	0.0	0.0	0.0	348.271330375159	0.0	1791.10969907225	0.0	0.0	0.0	33060.639284810655	0.0	0.0	0.0	0.0	0.0	0.0	0.0	0.0	168.67673104495233	0.0	0.0	0.0	1.0	0.0	0.0
701099_20180504_S	8.29153252083006	0.0	0.0	78.7695589478856	0.0	0.0	3.22448486921169	0.0	0.0	0.0	0.0	6.90961043402505	0.0	9.67345460763507	1.38192208680501	8.29153252083006	5.52768834722004	2.76384417361002	142.337974940916	0.0	1.38192208680501	1.84256278240668	401.678686564656	0.0	269.014166231375	0.0	0.0	0.0	894.0178903282663	22.1107533888802	0.0	0.0	0.0	2.76384417361002	13.8192208680501	0.0	0.0	2.215657720763981	0.0	2.76384417361002	0.0			
701099_20180517_S	0.0	0.0	0.0	96.4655532918499	0.0	0.0	0.0	0.0	0.0	0.0	0.0	0.0	0.0	28.2338204756634	0.0	26.2731384981868	11.7640918648597	0.0	0.0	0.0	0.0	0.0	217.504987368074	0.0	214.106471940447	0.0	0.0	0.0	1044.8422918703886	7.18916725074762	1.5685455819813	0.0	0.0	1.5685455819813	4.83634887777567	0.0	0.0	8.167935364840435	1.30686965837447	23.5281837297195	0.0			
715927_20180205_S	8.15381489290975	0.0	1.81195886509106	57.0767042503683	0.0	0.905979432545528	0.603986288363685	0.0	0.0	0.0	0.0	0.0	0.0	61.6066014130959	0.0	64.7775294270053	2.71793829763658	0.905979432545528	96.9397992823715	0.0	0.0	0.603986288363685	205.657331187835	0.0	220.153002108563	0.905979432545528	0.0	0.0	2192.428463617264	10.8717531905463	0.0	0.0	0.3978277016180846	1.81195886509106	12.6837120556374	0.0	0.0	4.773932419417015	0.7956554032361692	22.6494858136382	0.0	0.0	0.0	0.0
715927_20180213_S	1.45584895994094	0.0	0.0	98.997729275984	0.0	2.54773567989665	0.0	0.0	0.0	0.0	0.0	1.45584895994094	0.0	109.552634235556	0.0	103.729238395792	1.45584895994094	1.45584895994094	209.642250231495	0.0	0.0	1.45584895994094	128.721312208112	0.0	251.619228576459	2.54773567989665	1.45584895994094	0.0	1002.5484745611714	4.24622613316108	0.0	0.0	0.0	4.36754687982282	3.51830165319061	0.0	0.0	0.6101938372253022	0.6101938372253022	51.6826380779034	1.0	0.0	0.0	0.0
717449_20180606_S	5.77938494216743	0.0	0.0	46.2350795373394	0.0	0.0	27.9336938871426	0.0	0.0	0.0	0.0	11.5587698843349	0.0	2.88969247108371	7.22423117770929	2.88969247108371	5.77938494216743	26.0072322397534	135.815546140935	11.5587698843349	0.0	0.0	272.112707693716	0.0	68.3893884823146	0.0	0.0	0.0	3353.805600817372	24.5623860042116	0.0	0.0	0.0	11.5587698843349	17.3381548265023	0.0	0.0	0.0	7.596388676823038	37.5660021240883	0.0			
720054_20170925_S	275.590318936609	4.28782674441683	0.0	69.3848327732905	1.55920972524248	0.19490121565531	0.389802431310621	2.33881458786373	0.0	0.0	0.0	96.671002965034	0.0	522.335257956232	0.0	442.035957106244	4.67762917572745	0.0	174.241686795848	0.0	0.19490121565531	0.779604862621242	216.40531644928	8.96545592014428	435.149447486423	0.19490121565531	0.0	0.0	3539.684847912212	49.3749746326787	56.9111549713507	0.0	0.0	1.55920972524248	50.9341843579211	4.28782674441683	0.0	170.14699076039096	4.798071322961134	4.67762917572745	0.0	0.0	0.0	0.0
720054_20171120_S	134.471438821983	2.26002418188207	0.0	82.4908826386957	4.52004836376415	1.13001209094104	1.50668278792138	6.78007254564622	0.0	0.0	0.0	151.421620186099	2.26002418188207	225.437412142737	0.0	183.626964777919	2.26002418188207	0.0	152.55163227704	0.0	0.0	1.13001209094104	255.382732552674	2.26002418188207	601.166432380632	1.13001209094104	0.0	0.0	2853.994764224409	127.879701624827	18.0801934550566	0.0	0.0	2.26002418188207	139.744828579708	2.26002418188207	2.26002418188207	52.29562249395234	4.660005964807636	3.39003627282311	0.0	0.0	0.0	0.0
748160_20180321_S	2.52868833034899	0.0	0.0	166.893429803033	0.0	0.0	6.74316888093064	0.0	0.0	0.0	0.0	0.0	0.0	21.4938508079664	0.0	26.5512274686644	17.7008183124429	5.05737666069798	0.0	0.0	0.0	5.90027277081431	88.5040915622146	0.0	557.99722489701	0.0	0.0	0.0	783.7254061504585	3.79303249552348	5.05737666069798	0.0	0.0	5.05737666069798	5.05737666069798	0.0	0.0	0.0	0.0	7.58606499104697	1.0	1.0	0.0	0.0
748160_20180329_S	2.81879996759186	0.0	0.0	197.31599773143	0.0	0.0	0.0	0.0	0.0	0.0	0.0	0.0	0.0	8.45639990277559	2.81879996759186	8.45639990277559	11.2751998703675	0.0	0.0	0.0	0.0	0.0	85.9733990115518	0.0	616.377592913421	0.0	0.0	0.0	616.567703767588	52.1477994004495	0.0	0.0	0.0	0.0	0.0	0.0	0.0	6.619591911615209	0.0	0.0	0.0	1.0	0.0	0.0
748699_20180329_S	14.1245533323704	5.88523055515433	0.588523055515433	191.269993042516	0.0	0.588523055515433	0.392348703676956	4.70818444412347	0.0	0.588523055515433	0.0	17.0671686099476	1.17704611103087	27.3663220814677	0.980871759192389	22.6581376373442	5.88523055515433	0.0	29.4261527757717	0.0	1.17704611103087	0.392348703676956	260.813800769256	1.17704611103087	445.708127377022	0.588523055515433	0.0	0.588523055515433	2512.8117161312657	43.4526189322228	0.0	0.0	0.0	1.17704611103087	43.4526189322228	4.70818444412347	0.588523055515433	4.43176669511687	3.388998060971725	2.35409222206173	0.0	1.0	1.0	0.0
748699_20180410_S	3.04911243513173	20.5815089371392	6.09822487026347	416.203847395481	4.5736686526976	30.4911243513173	11.6882643346716	53.3594676148053	4.5736686526976	13.7210059580928	6.09822487026347	15.2455621756587	10.6718935229611	57.9331362675029	9.1473373053952	57.9331362675029	64.0313611377664	7.62278108782933	3.04911243513173	4.5736686526976	6.09822487026347	0.0	130.603649304809	3.04911243513173	253.076332115934	18.2946746107904	0.0	3.04911243513173	4044.863726693208	35.8270711127979	6.09822487026347	0.0	1.315188986081355	0.0	32.7779586776661	5.33594676148053	15.2455621756587	17.097456819057612	0.0	91.473373053952	0.0	1.0	1.0	0.0
748699_20190101_S	0.0	0.0	0.0	70.4542119818329	0.0	2.70977738391665	0.0	5.4195547678333	0.0	0.0	0.0	5.4195547678333	0.0	0.0	0.0	0.0	16.2586643034999	0.0	0.0	0.0	0.0	1.80651825594443	207.74959943361	0.0	222.201745481165	2.70977738391665	0.0	0.0	2608.76415011283	14.9037756115416	0.0	0.0	0.0	5.4195547678333	17.6135529954582	0.0	0.0	4.633684103219947	0.0	5.4195547678333	1.0	1.0	1.0	0.0
748699_20190109_S	2.13299628470899	0.0	0.0	6.39898885412697	0.0	1.0664981423545	0.0	0.0	0.0	1.0664981423545	0.0	0.0	0.0	22.9297100606216	0.0	20.7967137759127	14.9309739929629	0.0	0.0	0.0	1.0664981423545	0.710998761569663	221.831613609735	0.0	79.9873606765871	1.0664981423545	0.0	0.0	3922.4973726668554	2.13299628470899	1.0664981423545	0.0	0.0	0.0	2.13299628470899	0.0	0.0	0.9867917918658752	2.466979479664688	1.0664981423545	1.0	1.0	1.0	0.0
748699_20190114_S	0.0	0.0	0.0	10.0771687388254	0.0	0.0	0.0	5.03858436941271	0.0	0.0	0.0	0.0	0.0	37.7893827705953	0.0	35.270090585889	5.03858436941271	0.0	0.0	0.0	0.0	0.0	212.040425546118	0.0	159.555171698069	0.0	0.0	0.0	2422.942525668721	4.19882030784392	0.0	0.0	0.0	5.03858436941271	1.67952812313757	0.0	0.0	1.026235716081627	3.0787071482448805	12.5964609235318	1.0	1.0	1.0	0.0
752797_20170918_S	14.9169980050584	0.0	0.0	42.2648276809989	4.97233266835281	0.0	3.31488844556854	27.3478296759405	0.0	9.94466533670562	0.0	9.94466533670562	0.0	12.430831670882	0.0	7.45849900252922	14.9169980050584	9.94466533670562	52.2094930177045	2.48616633417641	0.0	0.0	224.169331131573	0.0	864.357162181997	0.0	0.0	4.97233266835281	7710.197293590443	32.3201623442933	0.0	0.0	0.0	9.94466533670562	32.3201623442933	0.0	0.0	14.355852881219672	0.0	14.9169980050584	0.0	0.0	0.0	0.0
752797_20170927_S	0.0	5.88058514174396	0.0	152.895213685343	0.0	0.0	23.5223405669758	47.0446811339517	0.0	0.0	11.7611702834879	47.0446811339517	0.0	35.2835108504638	0.0	23.5223405669758	23.5223405669758	0.0	23.5223405669758	23.5223405669758	0.0	0.0	245.024380905998	0.0	654.705145780828	0.0	0.0	0.0	2945.8637175834256	78.4078018899195	23.5223405669758	0.0	0.0	0.0	78.4078018899195	5.88058514174396	23.5223405669758	8.780517787133908	21.951294467834767	23.5223405669758	0.0	0.0	0.0	0.0
752797_20180306_S	0.0	0.0	0.0	16.7824116633638	0.0	0.0	0.279706861056064	0.0	0.0	0.839120583168192	0.0	0.0	0.0	1.67824116633638	0.0	1.67824116633638	0.839120583168192	0.0	0.0	0.0	0.839120583168192	0.0	254.952803852602	0.0	148.804050081826	0.0	0.0	0.0	3513.518001500275	4.61516320742506	0.0	0.0	0.0	0.0	1.67824116633638	0.0	0.0	1.082970718637709	1.082970718637709	0.0	0.0	0.0	0.0	0.0
753522_20180606_S	9.94033905535644	10.6858644845082	0.0	470.178037318359	0.0	1.49105085830347	1.32537854071419	0.0	0.0	0.994033905535644	0.0	43.2404748908005	0.0	45.7255596546396	0.0	43.4889833671844	32.8031188826762	0.0	42.7434579380327	0.0	0.0	8.44928819705297	314.611731102031	0.0	100.066079823921	0.497016952767822	0.0	0.994033905535644	2726.6651380413077	3.47911866937475	2.98210171660693	0.0	0.4439376649367155	3.97613562214257	4.22464409852649	10.6858644845082	0.0	8.212846801329238	0.0	5.46718648044604	0.0	0.0	0.0	0.0
756934_20181205_S	0.0	0.0	0.0	679.415537827694	2.97337215679516	0.0	0.0	0.0	0.0	0.0	0.0	5.94674431359032	0.0	4.46005823519274	0.0	4.46005823519274	10.4068025487831	0.0	0.0	0.0	0.74334303919879	0.0	218.790634537511	0.0	229.940780125492	0.0	0.0	0.0	469.7423209314793	4.46005823519274	0.0	0.0	0.0	0.0	4.46005823519274	0.0	0.0	0.5184793829265777	0.0	1.48668607839758	0.0	1.0	0.0	0.0
756934_20181218_S	0.0	0.997773632060007	0.0	82.8152114609806	0.0	0.0	0.0	0.0	0.0	0.0	0.0	0.0	0.0	18.4588121931101	0.997773632060007	18.4588121931101	16.9621517450201	0.0	0.0	0.0	0.0	0.0	239.798262905088	1.99554726412001	400.772408877436	0.0	0.0	0.0	2577.955247704286	1.66295605343334	0.0	0.0	0.0	0.0	1.66295605343334	0.997773632060007	0.0	0.8684370044481343	0.4342185022240671	1.99554726412001	0.0	1.0	0.0	0.0
763742_20170925_S	36.3539548079186	0.0	0.0	50.3362451186565	0.0	0.0	0.0	5.59291612429517	0.0	0.0	0.0	33.557496745771	0.0	19.5752064350331	0.0	22.3716644971807	11.1858322485903	5.59291612429517	114.654780548051	0.0	0.0	1.86430537476506	258.672370748652	2.79645806214759	314.135455647912	0.0	0.0	5.59291612429517	2110.180412371134	164.524949323016	0.0	0.0	0.0	11.1858322485903	161.728491260869	0.0	6.99114515536896	9.204712812960237	0.0	11.1858322485903	0.0	0.0	0.0	0.0
763742_20180129_S	299.059448859741	0.0	0.0	90.3599868487254	3.21076095401562	0.458680136287946	1.83472054515178	0.0	0.0	0.917360272575892	0.0	22.9340068143973	0.0	588.027934721147	0.0	480.926122897912	0.0	0.0	89.9013067124374	0.0	0.0	2.75208081772768	313.890106599718	0.0	133.32302628103	0.458680136287946	0.0	0.0	1794.8785112260505	44.1097397730242	50.4548149916741	0.0	0.0	0.0	48.9258812040476	0.0	0.688020204431919	194.84143695056025	2.2163969042979965	0.458680136287946	0.0	0.0	0.0	0.0
768745_20171123_S	16.0328044841788	0.0	0.0	161.171876656745	0.0	0.0	0.0	0.0	0.0	0.0	0.0	6.75065451965424	0.0	23.2053749113114	0.0	22.7834590038331	6.75065451965424	0.0	10.9698135944381	0.42191590747839	0.0	0.56255454330452	346.533598675584	0.0	137.544585837955	0.0	0.0	0.0	1587.7656531852958	33.7532725982712	1.68766362991356	0.0	0.3851930260032256	1.68766362991356	29.9560294309657	0.0	1.68766362991356	9.244632624077417	0.3851930260032256	22.7834590038331	0.0			
768745_20171206_S	2.59228314812617	0.864094382708724	0.432047191354362	80.3607775919114	0.864094382708724	0.864094382708724	0.432047191354362	3.4563775308349	0.0	0.0	0.864094382708724	4.32047191354362	0.864094382708724	8.20889663573288	0.0	5.18456629625235	2.59228314812617	0.0	2.59228314812617	0.864094382708724	0.432047191354362	0.0	262.540676613001	0.0	148.336202364998	0.864094382708724	0.0	0.864094382708724	1900.9689367452104	10.1531089968275	0.0	0.0	0.0	5.18456629625235	9.50503820979597	0.0	0.0	8.265082333674828	1.5376897364976423	15.1216516974027	0.0			
768745_20190228_BAL	0.0	0.0	0.0	0.0	0.0	0.0	0.0	0.0	0.0	0.0	0.0	0.0	0.0	720.372741438497	0.0	0.0	0.0	0.0	0.0	360.186370719249	0.0	0.0	0.0	0.0	0.0	0.0	0.0	0.0	16891.891891891893	840.43486501158	0.0	0.0	0.0	0.0	840.43486501158	0.0	0.0	0.0	0.0	0.0	0.0			
768745_20190228_S	258.735729608252	0.0	0.0	243.575432951519	22.2351017632092	0.0	1.01068644378224	1.01068644378224	0.0	0.0	0.0	2.02137288756447	0.0	524.293592712035	0.0	474.264613744814	1.01068644378224	0.0	119.766343588195	1.26335805472779	0.0	0.336895481260745	239.616911046705	1.01068644378224	157.835532970659	0.0	0.0	1.01068644378224	3149.4317378316787	87.3401535168482	32.3419662010315	0.0	0.4970694030668685	1.01068644378224	88.0981683496849	0.0	1.26335805472779	172.23454816266994	2.2368123138009084	7.58014832836677	0.0			
770560_20181211_S	95.1628047205279	0.0	0.0	35.3461846104818	0.0	0.0	0.0	0.0	0.0	0.0	0.0	0.0	0.0	208.678436065729	0.0	170.613314177518	0.0	0.0	154.979424830574	3.39867159716171	1.35946863886468	0.0	260.11166623611	0.0	246.063823634508	0.0	0.0	0.0	1723.6041485574117	30.5880443744554	8.15681183318811	0.0	0.0	2.71893727772937	29.9083100550231	0.0	0.0	60.72802181445803	1.1907455257736868	8.15681183318811	0.0	0.0	0.0	0.0
770560_20181218_S	5.80297736233393	0.0	0.0	16.8286343507684	0.0	0.0	0.0	0.0	0.0	0.0	0.580297736233393	0.0	0.0	8.41431717538419	0.0	7.25372170291741	0.580297736233393	0.0	2.32119094493357	0.0	0.0	0.0	292.760207929747	0.0	72.5372170291741	0.0	0.0	0.0	1891.5981674842535	6.86685654542848	0.0	0.0	0.0	0.0	7.44715428166187	0.0	0.870446604350089	3.602586657219884	0.9606897752586356	6.96357283480071		0.0	0.0	0.0
770560_20190109_S	3.86952323286391	0.0	0.0	129.629028300941	0.0	1.93476161643196	0.0	0.0	0.0	0.0	0.0	0.0	0.0	7.73904646572783	0.0	1.93476161643196	0.0	0.0	0.0	0.0	0.0	0.0	185.414654908063	0.0	447.574853934593	1.93476161643196	0.0	0.0	8315.438342535046	12.2534902374024	0.0	0.0	0.0	0.0	6.44920538810652	0.0	0.0	2.990806261551989	0.9969354205173298	0.0	0.0	0.0	0.0	0.0
770590_20170925_S	0.0	3.70282242091585	0.0	2.27865995133283	1.13932997566642	1.99382745741623	0.0	0.0	0.284832493916604	0.0	1.13932997566642	0.0	0.0	38.7372191726581	0.0	37.0282242091585	2.27865995133283	1.13932997566642	0.0	0.0	0.0	0.0	147.828064342717	0.0	990.45752551267	1.99382745741623	0.0	0.0	2000.8255443676555	1.13932997566642	1.13932997566642	0.0	0.0	0.0	0.0	2.56349244524943	0.0	5.110976332772262	0.0	1.13932997566642	0.0	0.0	0.0	0.0
770590_20180115_S	68.5203764526517	2.12796200163515	0.0	48.0919412369543	0.851184800654059	0.0	0.0	0.851184800654059	0.0	0.851184800654059	0.0	0.425592400327029	0.0	151.93648691675	0.0	132.784828902033	0.851184800654059	0.0	32.3450224248542	0.0	0.0	0.283728266884686	270.251174207664	0.0	379.060964557941	0.0	0.0	0.0	4139.912939451609	10.8526062083392	16.1725112124271	0.0	0.0	0.0	12.5549758096474	2.12796200163515	0.0	52.13444797579052	1.3929050985898228	3.83033160294326	0.0	0.0	0.0	0.0
773911_20171213_S	2.02125555226268	0.0	0.0	106.115916493791	0.0	0.0	0.0	2.02125555226268	0.0	1.01062777613134	0.0	0.0	2.02125555226268	11.1169055374447	0.0	11.1169055374447	2.02125555226268	0.0	1.01062777613134	0.0	0.0	1.01062777613134	232.444388510208	0.0	302.514580988647	0.0	0.0	0.0	2959.630287419286	12.2959712762646	0.0	0.0	0.0	0.0	11.2853435001333	0.0	0.0	0.8463340827621637	2.539002248286491	0.0	0.0	1.0		
773911_20180130_S	8.84279413233445	0.0	0.0	857.751030836442	0.0	2.94759804411148	1.96506536274099	0.0	0.0	0.0	0.0	0.0	0.0	48.6353677278395	0.0	46.4246691947559	5.89519608822297	2.94759804411148	328.65718191843	0.0	0.0	5.40392974753772	229.912647440696	0.0	144.432304161463	2.94759804411148	0.0	2.94759804411148	2100.5671592092585	3.93013072548198	2.94759804411148	0.0	0.0	0.0	3.93013072548198	0.0	0.0	1.8228815382203567	1.2152543588135714	2.94759804411148	0.0	1.0		
777599_20180306_S	0.0	20.1931756105287	0.0	161.54540488423	0.0	0.0	0.0	0.0	0.0	80.7727024421148	0.0	0.0	0.0	70.6761146368504	0.0	70.6761146368504	0.0	0.0	0.0	0.0	0.0	0.0	588.967621973754	0.0	309.628692694773	0.0	0.0	0.0	1824.5890202672483	20.1931756105287	0.0	0.0	0.0	0.0	20.1931756105287	20.1931756105287	0.0	35.776255299357814	0.0	0.0	0.0	1.0	0.0	0.0
778851_20170918_S	29.7287048641955	2.97287048641955	0.0	292.827742912326	1.48643524320977	0.0	0.247739207201629	2.97287048641955	0.0	1.48643524320977	0.0	1.48643524320977	0.0	66.5179771336374	0.0	60.2006273499959	6.68895859444399	0.0	136.008824753694	8.91861145925865	0.0	1.7341744504114	223.460764895869	1.48643524320977	182.336056500399	0.0	0.0	0.0	1504.4500495252769	41.3724476026721	8.17539383765376	0.0	0.0	0.0	45.8317533323014	2.97287048641955	0.371608810802444	21.047849930714875	1.2565880555650673	6.68895859444399	0.0	0.0	0.0	0.0
778851_20171204_S	204.887286485481	18.8093246609622	0.0	1942.39865204186	1.34352319006873	0.0	0.0	0.0	0.0	0.671761595034363	0.0	3.35880797517181	0.0	394.49199668393	0.0	322.109684818977	0.671761595034363	0.0	124.947656676392	17.2978610721348	0.167940398758591	0.447841063356242	289.641207725649	2.68704638013745	177.680941886589	0.0	0.0	0.0	1511.5890214166384	138.718769374596	32.5804373591666	0.0	0.0	1.34352319006873	153.665464864111	18.8093246609622	3.02292717765463	116.63951229919364	5.610508186543492	8.06113914041235	0.0	0.0	0.0	0.0
778851_20180212_S	152.119932928509	4.08924550883088	0.0	265.800958074007	2.45354730529853	0.817849101766175	0.0	0.0	0.0	0.0	0.0	1.63569820353235	0.0	276.024071846084	0.0	222.046031129517	0.0	0.0	80.1492119730852	1.63569820353235	0.0	0.0	218.774634722452	1.63569820353235	219.183559273335	0.0	0.0	0.0	2641.9696061925624	67.3362427120818	15.5391329335573	0.0	0.0	0.0	67.3362427120818	4.08924550883088	0.817849101766175	88.1400333147012	0.0	3.2713964070647	0.0	0.0	0.0	0.0
785991_20171129_S	0.0	0.0	0.96994590960381	159.071129175025	0.0	0.0	0.0	18.4289722824724	0.0	0.0	0.0	0.0	0.0	8.24454023163238	0.0	8.24454023163238	13.5792427344533	0.0	0.0	0.0	0.0	0.0	327.033429188085	0.0	180.086623883107	0.0	0.0	0.0	1478.7640603550074	3.7181259868146	0.0	0.0	0.0	1.93989181920762	3.2331530320127	0.0	0.0	17.59481304911312	0.7997642295051418	0.96994590960381	0.0	0.0	0.0	0.0
785991_20171206_S	1.59851502521343	0.0	1.59851502521343	230.186163630733	0.0	0.0	0.0	27.974012941235	0.0	0.0	0.0	0.0	0.0	6.79368885715706	0.0	6.79368885715706	6.39406010085371	0.0	0.0	0.0	0.0	0.0	311.044381989446	0.0	160.917179204818	0.0	0.0	0.0	1693.2254648043215	4.79554507564028	0.0	0.0	0.0	0.0	3.99628756303357	0.0	0.0	13.130744100052429	0.6405241024415818	0.0	0.0	0.0	0.0	0.0
785991_20171213_S	1.12269261357209	0.0	0.0	290.216040608386	1.12269261357209	0.561346306786047	0.0	1.12269261357209	0.0	0.0	0.0	0.0	0.0	49.9598213039582	0.0	49.3984749971721	16.2790428967954	0.0	0.0	0.0	0.0	0.0	236.046122003533	0.0	222.854483794061	0.561346306786047	0.0	0.0	1887.0158078508975	2.24538522714419	0.0	0.0	0.0	0.0	2.24538522714419	0.0	0.561346306786047	18.921099500240395	0.2425781987210307	0.0	0.0	0.0	0.0	0.0
785991_20180215_S	11.953890400865	0.0	31.8770410689733	77.7002876056224	0.996157533405415	0.0	0.0	264.97790388584	0.0	0.0	0.0	0.0	0.0	3.98463013362166	0.0	3.98463013362166	143.44668481038	0.0	2.98847260021625	0.0	0.0	0.0	324.581329634598	0.996157533405415	141.122317232434	0.0	0.0	0.0	4060.611016526352	27.2283059130813	0.0	0.0	0.0	3.98463013362166	11.2897853785947	0.0	0.0	5.053368161759233	1.837588422457903	2.98847260021625	0.0	0.0	0.0	0.0
785991_20180321_S	0.339805213538344	0.339805213538344	0.0	173.640464118094	0.0	1.01941564061503	0.0	0.679610427076688	0.0	0.0	0.679610427076688	0.0	2.03883128123006	69.150360955053	0.0	69.150360955053	13.2524033279954	0.0	9.51454597907363	0.0	0.339805213538344	0.0	245.962340399505	0.0	274.336075729956	1.01941564061503	0.0	0.0	1370.6437403677849	0.226536809025563	2.37863649476841	0.0	0.0	0.0	0.226536809025563	0.0	0.0	6.870394688560324	0.7807266691545823	4.75727298953682	0.0	0.0	0.0	0.0
788707_20171213_S	0.0	0.0	35.4989555700142	70.9979111400283	0.0	0.0	0.0	141.995822280057	0.0	0.0	0.0	0.0	0.0	35.4989555700142	0.0	106.496866710042	35.4989555700142	0.0	0.0	0.0	0.0	0.0	609.398737285243	0.0	402.321496460161	0.0	0.0	0.0	4174.926413167537	47.3319407600189	0.0	0.0	0.0	0.0	47.3319407600189	0.0	0.0	0.0	0.0	70.9979111400283	0.0	1.0	0.0	1.0
788707_20180129_S	34.4758478124524	0.0	0.0	13.790339124981	7.75706575780179	1.72379239062262	0.0	0.0	0.0	1.72379239062262	0.0	0.0	0.0	93.5157371912771	0.0	76.7087613827066	1.72379239062262	0.0	45.6804983514994	0.0	0.430948097655655	0.574597463540873	231.993725904628	0.0	520.872600699802	1.72379239062262	0.0	0.0	2287.6317067075606	1.5801430247374	0.0	0.0	0.0	1.72379239062262	0.718246829426091	0.0	0.0	25.68723443527899	1.8348024596627852	10.3427543437357	0.0	1.0	0.0	1.0
788707_20180301_S	4.37555665284791	0.0	0.0	78.7600197512625	0.0	0.0	0.0	0.0	0.0	0.0	0.0	0.0	0.0	50.318901507751	0.0	45.9433448549031	0.0	0.0	26.2533399170875	0.0	0.0	0.0	239.197097022353	0.0	198.358568262439	0.0	0.0	0.0	1289.6425693565095	13.1266699585437	0.0	0.0	0.0	0.0	8.75111330569583	0.0	0.0	3.5973293426959825	0.0	0.0	0.0	1.0	0.0	1.0
788707_20180308_S	2.75212040720741	1.37606020360371	5.50424081441482	5.50424081441482	0.0	5.50424081441482	0.0	5.50424081441482	0.0	11.0084816288296	5.50424081441482	0.0	0.0	11.6965117306315	0.0	6.88030101801853	13.7606020360371	0.0	0.0	4.12818061081112	0.0	0.0	821.966628285947	0.0	360.069086609636	2.75212040720741	0.0	2.75212040720741	1802.1374789258743	19.2648428504519	2.75212040720741	0.0	0.0	0.0	19.2648428504519	1.37606020360371	0.0	7.993103795986477	1.229708276305612	8.25636122162224	0.0	1.0	0.0	1.0
788707_20180313_S	0.0	0.0	0.0	70.6929149335134	0.0	0.0	0.0	0.0	0.0	1.30912805432432	0.0	2.61825610864864	0.0	3.2728201358108	0.0	3.2728201358108	44.5103538470269	0.0	0.0	0.0	0.0	0.872752036216214	370.919615391891	0.0	713.474789606755	0.0	0.0	0.0	2208.176777985904	0.872752036216214	0.0	0.0	0.0	0.0	0.872752036216214	0.0	0.0	3.870114533275245	0.5528735047536064	0.0	0.0	1.0	0.0	1.0
788707_20181116_S	50.7922708221765	0.0	0.0	72.5603868888236	0.0	0.0	3.10973086666387	6.21946173332773	0.0	0.0	0.0	12.4389234666555	2.07315391110924	89.1456181776975	1.03657695555462	67.3775021110504	16.585231288874	0.0	27.9875777999748	0.0	0.0	1.38210260740616	296.633772114548	2.07315391110924	195.221993296121	0.0	2.07315391110924	0.0	3312.8040565997853	9.50195542591737	10.3657695555462	0.0	0.0	3.10973086666387	10.0202439036947	0.0	1.03657695555462	30.325252113118705	2.756841101192609	6.21946173332773	1.0	1.0	0.0	1.0
788707_20181129_S	15.1823827101292	0.0	0.0	106.276678970904	0.0	7.59119135506461	0.0	0.0	0.0	0.0	15.1823827101292	0.0	0.0	7.59119135506461	0.0	0.0	22.7735740651938	0.0	30.3647654202584	0.0	3.7955956775323	10.1215884734195	576.93054298491	0.0	161.945415574712	7.59119135506461	0.0	0.0	2588.3257583039253	15.1823827101292	0.0	0.0	0.0	0.0	0.0	0.0	3.7955956775323	0.0	0.0	0.0	0.0	0.0	0.0	0.0
802187_20180321_S	61.9767774840883	0.0	0.0	2541.04787684762	0.0	0.774709718551103	1.67853772352739	0.0	0.0	0.0	0.0	22.8539366972575	0.0	160.752266599354	0.193677429637776	140.22245905775	2.71148401492886	1.16206457782665	196.388913652705	0.774709718551103	0.387354859275552	4.90649488415699	201.166290250436	1.16206457782665	258.882164282494	0.774709718551103	0.0	1.54941943710221	1285.554190616878	93.4170802286205	8.13445204478658	0.0	0.5083921133470385	6.19767774840883	95.9348868139116	0.0	0.581032288913327	33.72334351868689	2.7114246045175383	3.48619373347996	0.0	0.0	0.0	0.0
802971_20180605_S	15.7362010236736	0.0	0.0	90.4831558861234	0.0	7.86810051183682	0.0	0.0	0.0	0.0	0.0	0.0	0.0	27.5383517914289	0.0	7.86810051183682	7.86810051183682	0.0	0.0	0.0	0.0	2.62270017061227	182.277661857553	0.0	313.412670388167	7.86810051183682	0.0	0.0	1112.947427878078	70.8129046065314	0.0	1.3946709622532305	0.0	15.7362010236736	62.9448040946945	0.0	0.0	11.157367698025842	0.0	15.7362010236736	1.0	1.0		
810653_20180115_S	244.559194021951	0.0	0.0	71.5377234213869	3.88189196860239	0.0	6.46981994767065	1.10911199102925	0.0	0.0	0.0	0.554555995514627	0.0	430.612730517108	0.554555995514627	336.892767275136	2.21822398205851	0.554555995514627	65.9921634662406	0.0	0.0	3.51218797159264	250.382031974854	0.0	310.181653491181	0.0	0.0	0.0	2506.068512154748	93.0729812472049	28.282355771246	0.0	0.0	6.1001159506609	94.1820932382342	0.0	2.21822398205851	106.82717935943508	4.612991835975606	0.0	0.0			
825012_20171123_S	32.3038825023122	2.80903326107063	0.0	388.348848343014	0.0	0.0	0.936344420356876	2.10677494580297	0.0	0.0	0.0	0.0	0.0	53.3716319603419	0.0	44.94453217713	0.0	0.0	49.158082068736	0.0	0.0	1.63860273562453	295.767793780228	0.0	581.001712831442	0.0	0.0	0.0	3124.216553358776	14.396295462987	3.51129157633828	0.0	0.0	5.61806652214125	16.5030704087899	2.80903326107063	0.0	17.884939594400947	2.196396090540467	0.0	0.0			
825012_20171129_S	25.3439268936326	0.0	0.0	101.37570757453	0.0	0.0	0.0	0.0	0.0	0.0	0.0	76.0317806808978	0.0	38.0158903404489	0.0	25.3439268936326	25.3439268936326	25.3439268936326	12.6719634468163	0.0	0.0	8.44797563121086	310.463104446999	0.0	1237.62842997239	0.0	0.0	0.0	3247.373447946514	8.44797563121086	0.0	0.0	0.0	25.3439268936326	8.44797563121086	0.0	0.0	16.85487948761166	0.0	0.0	0.0			
825012_20171206_S	2.86058065237566	0.0	0.0	131.58671000928	0.0	0.0	0.0	0.0	0.0	0.0	0.0	0.0	0.0	3.21815323392262	0.0	3.21815323392262	2.14543548928174	0.0	1.43029032618783	0.0	0.0	0.47676344206261	240.646347381102	0.0	127.295839030717	0.0	0.0	0.0	1739.2445876738404	0.834336023609567	4.29087097856349	0.0	0.0	0.0	0.47676344206261	0.0	0.0	3.522034327027291	1.921109632923977	2.14543548928174	0.0			
825012_20181113_S	0.0	15.9996397795387	0.0	1167.97370390632	0.0	0.0	0.0	0.0	0.0	0.0	0.0	79.9981988976935	0.0	47.9989193386161	0.0	47.9989193386161	31.9992795590774	0.0	0.0	0.0	0.0	0.0	317.326188960851	0.0	293.326729291543	0.0	0.0	0.0	2012.0169781158704	0.0	0.0	0.0	0.0	0.0	0.0	15.9996397795387	0.0	0.0	0.0	15.9996397795387	0.0			
825012_20181120_S	0.0	23.3412641762057	0.0	46.6825283524114	0.0	0.0	0.0	46.6825283524114	0.0	0.0	35.0118962643085	0.0	23.3412641762057	5.83531604405142	11.6706320881028	5.83531604405142	23.3412641762057	0.0	0.0	0.0	23.3412641762057	0.0	266.479432678348	0.0	194.510534801714	0.0	0.0	0.0	7025.968879925718	15.5608427841371	23.3412641762057	0.0	0.0	0.0	15.5608427841371	0.0	11.6706320881028	0.0	0.0	0.0	0.0			
825012_20181126_S	0.0	0.0	0.0	97.760236502628	0.0	0.0	0.0	0.0	0.0	27.931496143608	0.0	0.0	0.0	13.965748071804	0.0	13.965748071804	0.0	0.0	0.0	0.0	0.0	0.0	193.192848326622	0.0	400.351444725048	0.0	0.0	0.0	4049.211503382968	0.0	0.0	0.0	0.0	0.0	0.0	0.0	0.0	0.0	0.0	0.0	0.0			
848255_20190228_S	112.496563818081	0.0	0.0	194.015812961618	4.34769328765532	0.0	0.0	0.0	0.0	0.0	0.0	1.63038498287074	0.0	187.222542199657	0.0	158.147343338462	0.0	0.0	147.821571780281	0.543461660956914	0.0	0.543461660956914	221.732357670421	0.0	260.499289485348	0.0	0.0	0.0	2673.5476594445186	24.6369286300468	11.4126948800952	0.0	0.0	0.0	25.1803902910037	0.0	0.543461660956914	56.832096035997886	1.2195728763089675	3.26076996574149	0.0			
875028_20180115_S	205.753856589922	0.535817334869589	0.0	33.2206747619145	1.60745200460877	0.0	8.75168313620328	1.07163466973918	0.0	1.07163466973918	0.0	0.0	0.0	335.421651628363	0.0	274.606384120664	0.535817334869589	0.0	43.9370214593063	0.0	0.0	3.21490400921753	252.369964723576	0.0	290.412995499317	0.0	0.0	0.0	1761.369610421886	67.6915899718581	25.7192320737403	0.0	0.0	2.14326933947836	70.9064939810756	0.0	0.0	82.76786156521196	2.8241002633799352	0.0	0.0	1.0		
877469_20190115_S	0.0	0.0	13.6980756910655	0.0	27.396151382131	41.0942270731964	0.0	27.396151382131	13.6980756910655	54.7923027642619	82.1884541463929	82.1884541463929	0.0	27.396151382131	0.0	27.396151382131	136.980756910655	27.396151382131	0.0	13.6980756910655	13.6980756910655	0.0	244.282349824001	0.0	191.773059674917	13.6980756910655	0.0	0.0	10568.246484025687	95.8865298374583	0.0	0.0	0.0	27.396151382131	68.4903784553274	0.0	0.0	20.323550930818637	13.549033953879087	82.1884541463929	0.0	0.0	0.0	0.0
892355_20180123_S	0.0	33.2198112197223	0.0	11.0732704065741	0.0	13.8415880082176	18.4554506776235	22.1465408131482	0.0	0.0	0.0	0.0	0.0	16.6099056098611	0.0	5.53663520328705	22.1465408131482	0.0	16.6099056098611	0.0	5.53663520328705	0.0	32.2970386858411	0.0	36.910901355247	13.8415880082176	0.0	0.0	5960.42016834472	3.6910901355247	5.53663520328705	0.0	0.0	0.0	3.6910901355247	0.0	0.0	3.302171838418128	0.0	49.8297168295834	0.0	0.0	0.0	0.0
895293_20180502_S	38.7573339983209	85.5497250450741	0.0	732.608142651187	37.8120331690935	101.147188727325	52.6217461603218	373.393827544799	14.1795124384101	135.178018579509	96.4206845811885	26.4684232183655	68.0616597043684	49.1556431198216	50.1009439490489	50.1009439490489	263.738931354427	28.3590248768202	31.1949273645022	15.1248132676374	18.9060165845468	3.78120331690935	265.629533012882	12.2889107799554	261.218129143155	93.5847820935065	49.1556431198216	19.8513174137741	16982.53287675175	122.41645738494	23.6325207306835	1.5347280174191629	1.918410021773954	98.3112862396432	112.01814826344	34.5034802667979	34.5034802667979	17.265690195965583	1.918410021773954	118.162603653417	1.0	1.0		
896213_20180427_S	127.004043163634	21.1673405272724	0.0	127.004043163634	0.0	21.1673405272724	0.0	127.004043163634	0.0	105.836702636362	84.6693621090894	0.0	0.0	105.836702636362	0.0	63.5020215818171	63.5020215818171	42.3346810545447	42.3346810545447	0.0	21.1673405272724	0.0	201.089735009087	0.0	225.784965624239	21.1673405272724	0.0	0.0	6631.723608936049	88.1972521969682	0.0	0.0	0.0	0.0	88.1972521969682	21.1673405272724	21.1673405272724	31.96011377800505	15.980056889002524	190.506064745451	0.0			
913873_20180417_S	96.7283812931453	48.3641906465726	0.0	0.0	0.0	0.0	16.1213968821909	96.7283812931453	0.0	0.0	48.3641906465726	290.185143879436	0.0	145.092571939718	0.0	48.3641906465726	0.0	0.0	0.0	0.0	0.0	0.0	161.213968821909	0.0	257.942350115054	0.0	0.0	0.0	6587.391468478671	225.699556350672	0.0	0.0	0.0	0.0	177.3353657041	48.3641906465726	0.0	75.50018875047188	0.0	290.185143879436	0.0			
980574_20180403_S	16.8618748605742	23.1850779332895	11.5925389666448	94.8480460907299	1.05386717878589	40.5738863832567	20.7260545161225	82.2016399452992	6.32320307271533	50.5856245817226	43.2085543302214	20.0234763969319	10.5386717878589	39.5200192044708	18.442675628753	38.4661520256849	86.4171086604428	4.21546871514355	57.9626948332238	3.16160153635766	4.74240230453649	2.81031247676237	250.117810431851	7.37707025150122	224.122420021799	36.3584176681131	6.32320307271533	2.10773435757178	5529.96757693612	27.5761911782307	6.32320307271533	0.0	0.0	0.0	26.5223239994448	6.32320307271533	16.3349412711813	10.897776243370885	1.307733149204506	26.3466794696472	1.0	1.0		
983493_20180123_S	549.674204297515	500.59615034238	65.4374052735137	3494.35744160563	235.574658984649	1845.33482871309	501.686773763605	5182.64249766229	114.515459228649	1426.5354349626	817.967565918921	484.236799024001	372.993210059028	906.308063038165	598.75225825265	932.48302514757	2885.78957256195	268.293361621406	235.574658984649	183.224734765838	301.012064258163	58.8936647461623	714.358340902525	157.049772656433	2935.95824993832	1563.95398603698	215.943437402595	85.0686268555678	172455.53019044263	2078.72824085529	353.361988476974	2.5535348583043507	7.6606045749130525	0.0	1892.23163582577	81.7967565918921	690.36462563557	135.33734749013058	30.64241829965221	1020.82352226681	1.0	1.0		
