	Colwelliaceae	Trans-envelope signaling system VreARI in Pseudomonas	Heme and heme d1 biosynthesis from siroheme	Type III secretion system orphans	L-2-amino-4-methoxy-trans-3-butenoic acid synthesis	Type III secretion systems	Potential DNA repair cluster	Extracellular matrix proteins (PSL) involved in mannose-rich biofilm formation in Pseudomonas	Salmochelin-mediated Iron Acquisition	Onchocercidae	Extracellular matrix proteins (PEL) involved in glucose-rich biofilm formation in Pseudomonas	ABC-type iron transport system	Pseudomonadaceae	IbrA and IbrB: co-activators of prophage gene expression	Siderophore Pyoverdine	Edwardsiidae	Acyclic terpene utilization	Aestuariirhabdaceae	Adenylylsulfate reductase	Capitellidae	Marinobacteraceae	Geothermobacteraceae	Lipotidae	Type III secretion system	Cholera toxin	MexXY System of Pseudomonas aeruginosa	Beta-lactamases Ambler class D	Mycobacterial FadD proteins (fatty acid CoA- and AMP- ligases)	Mycobacterial gene cluster associated with resistance against FAS-II antibiotics	Stress proteins YciF, YciE	Phenazine biosynthesis	Type 4 conjugative transfer system, IncI1 type	Sulfur transfer pathway CsdAEL	Biogenesis of cbb3-type cytochrome c oxidases	Coenzyme PQQ synthesis	Quorum sensing regulation in Pseudomonas	tRNA modification, 5-oxyacetyl uridine (cmo5U34)	Malonate decarboxylase	Sulfate assimilation related cluster	Cytochrome c oxidase EC 1.9.3.1	Acytosteliaceae	Outer membrane porins in Pseudomonas and Acinetobacter	CMP-pseudaminic acid synthesis	Rhamnolipids in Pseudomonas	Pseudomonas Culture	N12M_Pseudomonas aeruginosa	N12M_mucoid	N12M_non_mucoid
1068841_20180306_S	2.6952121980991746	2.37315376918081	8.50380100623122	0.0	0.0	1.1865768845904	289.129234211861	0.0	0.0	1.0780848792396698	1.1865768845904	34.4107296531217	3071.1942997340093	0.0	0.1977628140984	0.0	2.37315376918081	0.0	34.4107296531217	0.0	111.85130622111576	0.0	0.0	1.1865768845904	0.0	0.0	0.0	0.0	0.0	0.0	0.0	2.37315376918081	207.057666361025	3.95525628196801	0.0	0.0	41.5301909606641	205.475563848238	34.4107296531217	4.54854472426321	0.8085636594297524	2.37315376918081	0.0	0.0	0.0	1.0		
1447437_20171212_S	0.0	254.507502985452	3.32689546386211	53.4382583882852	0.0	84.8358343284838	231.6350966714	54.8937751537248	6.23792899474146	34.95754564978768	89.826177524277	14.9710295873795	23043.378500600957	27.4468875768624	30.3579211077418	12.076243042653925	119.768236699036	1.2711834781740974	28.6944733758107	1.9067752172611463	24.7880778243949	0.0	8.262692608131633	69.8648047411043	22.4565443810692	30.5658520742331	18.7137869842244	19.3375798836985	7.48551479368975	0.0	49.6955009914403	2.49517159789658	37.4275739684488	155.532362935554	29.942059174759	22.4565443810692	16.2186153863278	190.880627239089	28.6944733758107	159.898913231873	3.8135504345222926	299.42059174759	2.49517159789658	49.9034319579317	1.0	1.0	1.0	
1128691_20171206_S	50.165726059303054	7698.99754289728	89.2924972758706	1023.55658914378	381.973460569002	3814.77391139692	4213.2830196096	2847.43852424165	446.462486379353	723.8197617128012	5317.8642822074	754.025532551796	498342.7394069695	942.531915689745	1564.2722670921	343.99355012093525	4028.08376600038	14.3330645883723	416.698320620729	68.08205679476843	419.2421392098898	28.6661291767446	257.99516259070145	2902.00616146579	932.610527103537	724.261366793172	1091.35274448286	709.379283913861	446.462486379353	783.789698310419	1832.14975891971	277.79888041382	1051.66719013803	3755.24557987967	1269.9377390346	558.904890356375	545.676372241431	2734.99612026463	2361.29048351747	3904.06640867279	21.499596882558453	10973.0557763459	2430.74020362092	1686.63605965533	1.0	1.0	1.0	
1128691_20171218_S	33.85565079024732	5331.28618639271	39.0570416585547	698.144619646664	168.433492152517	2541.14877290971	2602.1754005012	2372.7152807572	219.69585932937	840.7486612911416	4086.34298352628	629.794796744194	431952.96321583545	864.137046695522	1454.87480178116	293.4156401821434	3354.02345242838	16.92782539512366	248.988640573286	16.92782539512366	445.7660687382563	39.49825925528854	265.2025978569373	2116.40344487293	395.452546792866	732.3195310979	878.78343731748	512.62367176853	424.745328036782	893.429827939438	1615.9850986227	336.866984305034	849.490656073564	3832.47221274568	673.733968610068	805.55148420769	468.684499902656	1716.06876787275	1435.34628095188	3934.99694709938	33.85565079024732	8839.09674035165	2270.19054640349	1259.58959348839	1.0	1.0	1.0	
1128691_20180116_S	52.02642942614848	8310.9274182108	159.268643902995	1069.03044316707	354.734706874851	4510.19841598025	3836.92642129941	3764.53158316169	289.579352550899	650.3303678268561	4879.41209048265	694.990446122158	503787.5240622236	752.906316632338	1809.87095344312	369.3876489256543	4372.64822351858	52.02642942614848	296.818836364672	72.83700119660787	426.6167212944176	67.63435825399303	218.5110035898236	3496.67068205211	752.906316632338	781.864251887427	752.906316632338	658.793027053295	506.763866964073	897.695992907787	2321.46114294971	173.747611530539	1404.45985987186	4167.52951546169	977.330314859284	564.679737474253	651.553543239523	2444.53236778384	2555.53778626168	4355.75609461977	20.810571770459397	12299.8829995994	2881.31455788145	1780.91301818803	1.0	1.0	1.0	
1162967_20180116_S	30.53178740716428	5626.36632351122	72.7689941900334	592.074998182544	243.114594225793	2718.91423746398	2933.91353847998	1925.07066448179	138.922625271882	366.3814488859714	3016.60557733229	327.46047385515	287681.9503705796	615.228769061191	790.53589142809	255.7037195350009	2123.53155772734	11.449420277686606	138.922625271882	22.89884055537321	240.43782583141876	45.79768111074642	179.37425101709016	1905.22457515724	793.843572982183	451.498532133616	208.383937907823	267.922205881487	545.767456425251	451.498532133616	1017.11207788342	59.5382679736637	744.228349670796	2308.76172475651	540.805934094112	277.845250543764	287.768295206041	1516.57199255138	1220.53449346011	2492.33805100864	11.449420277686606	5834.75026141904	0.0	1041.91968953911	1.0	1.0	1.0	
1590009_20171212_S	1.151767214024839	0.0	13.1099422480822	3.93298267442466	0.0	5.24397689923287	294.536702506913	0.0	5.24397689923287	2.303534428049678	0.0	5.24397689923287	2419.8629166661867	34.0858498450137	1.74799229974429	2.303534428049678	2.62198844961644	0.0	23.5978960465479	0.0	13.821206568298068	0.0	0.0	5.24397689923287	0.0	0.0	0.0	0.0	0.0	0.0	2.62198844961644	0.0	31.4638613953973	10.4879537984657	3.93298267442466	0.0	13.1099422480822	270.501808385429	34.0858498450137	13.1099422480822	0.0	20.9759075969315	10.4879537984657	0.0	0.0	1.0		
1282052_20180206_S	2.300896256614358	552.664482257095	6.55469735510912	51.0576425555868	14.4893309955044	175.424400266999	220.099837503138	117.984552391964	22.7689487072212	25.885082886911523	220.444821574459	21.7339964932566	32030.77678832848	42.4330407725485	62.787100980519	13.805377539686146	193.53606401138	0.5752240641535895	22.7689487072212	4.601792513228716	34.51344384921536	2.300896256614358	7.477912833996663	140.236024992203	0.0	20.699044279292	12.4194265675752	30.0136142049733	19.6640920653274	0.0	90.3858266862416	0.0	54.8524673401237	106.600078038354	66.2369416937343	18.9741239226843	34.1534230608317	163.694941842067	99.3554125406014	117.467076284982	1.150448128307179	499.364443237919	0.0	54.8524673401237	1.0	1.0		
1316935_20180417_S	2.7378582829795564	146.886694104364	4.16699841430819	0.0	10.938370837559	57.8171029985261	313.566630676691	34.3777369180425	18.7514928643868	13.689291414897784	46.8787321609671	43.753483350236	12010.984287431314	12.5009952429246	31.2524881073114	4.106787424469334	46.8787321609671	0.0	14.0636196482901	0.0	45.17466166916268	0.0	13.689291414897784	57.8171029985261	0.0	15.6262440536557	18.7514928643868	7.81312202682785	9.37574643219342	29.6898637019458	42.1908589448704	34.3777369180425	65.6302250253539	93.7574643219342	9.37574643219342	10.4174960357705	18.7514928643868	256.791277281742	42.1908589448704	98.4453375380309	0.0	112.508957186321	0.0	40.6282345395048	1.0	1.0		
1651490_20171215_S	0.5199732109801704	2.82581372359068	0.0	0.0	0.0	0.94193790786356	49.2947505115263	0.94193790786356	0.0	3.8997990823512776	0.0	4.7096895393178	4203.983410774677	0.0	0.313979302621187	0.5199732109801704	1.41290686179534	0.0	0.0	0.0	18.71903559528613	0.0	0.0	0.94193790786356	0.0	0.0	0.0	0.0	0.0	1.88387581572712	0.94193790786356	0.0	24.9613545583843	0.313979302621187	0.94193790786356	0.0	10.3613169864992	82.812041066338	0.0	0.784948256552967	0.0	13.6580996640216	0.0	0.94193790786356	0.0	1.0	0.0	1.0
1447437_20171006_S	0.4311653191313226	21.009368515116	0.583593569864334	1.750780709593	0.0	15.757026386337	158.445654218167	3.501561419186	2.6261710643895	0.8623306382626452	12.255464967151	5.25234212877901	4810.942630867298	0.875390354796501	3.501561419186	2.1558265956566127	20.1339781603195	0.0	17.50780709593	0.8623306382626452	12.503794254808357	0.4311653191313226	0.0	14.006245676744	0.0	0.875390354796501	0.0	0.875390354796501	0.0	0.0	2.6261710643895	3.501561419186	32.3894431274705	18.0914006657943	1.750780709593	0.0	7.00312283837201	214.908332102541	17.50780709593	19.8421813753874	1.2934959573939675	41.1433466754355	5.25234212877901	7.00312283837201	1.0	1.0		
1465461_20180406_S	0.6412247221199231	72.6610995823604	4.03672775457558	0.0	0.484407330549069	1.93762932219628	426.601389103547	1.93762932219628	0.0	0.8549662961598975	4.35966597494162	13.0789979248249	2015.3693016229183	23.7359591969044	1.29175288146418	0.6412247221199231	9.68814661098138	0.0	13.3212015900994	0.0	25.43524731075695	0.4274831480799487	0.4274831480799487	1.93762932219628	0.0	1.93762932219628	0.968814661098138	0.0	0.968814661098138	0.968814661098138	1.45322199164721	45.5342890716125	226.702630696964	4.52113508512465	2.42203665274535	0.0	9.20373928043231	321.081325598941	13.3212015900994	7.18537540314452	1.0687078701998718	42.6278450883181	0.968814661098138	0.0	1.0	1.0		
1470026_20180502_S	0.0	0.0	1.34001832743067	0.0	0.0	2.01002749114601	170.852336747411	0.0	0.0	2.3505942694078774	0.0	0.0	404.3022143381549	20.1002749114601	0.0	0.0	0.0	0.0	0.0	0.0	3.917657115679796	0.0	0.0	2.01002749114601	0.0	0.0	0.0	0.0	0.0	0.0	0.0	0.0	8.04010996458404	0.0	0.0	0.0	0.0	209.7128682429	0.0	6.03008247343803	0.0	22.1103024026061	0.0	0.0	0.0	0.0	0.0	0.0
1565754_20171128_S	8.549484893535164	122.843425773026	0.0	15.3554282216282	4.09478085910086	71.658665034265	288.68205056661	63.4691033160633	18.4265138659539	21.848683616812085	77.8008363229163	36.8530277319077	13977.457858164044	30.7108564432564	30.7108564432564	7.599542127586814	40.9478085910086	0.9499427659483516	12.2843425773026	0.0	86.44479170129999	0.9499427659483516	3.799771063793407	67.5638841751641	26.6160755841556	17.4028186511786	8.18956171820171	10.2369521477521	0.0	28.663466013706	26.2748438458972	16.3791234364034	321.440297439417	413.572866769186	27.6397707989308	6.82463476516809	51.1847607387607	209.51628729066	40.9478085910086	370.577667748628	1.8998855318967036	235.449899398299	24.5686851546051	14.331733006853	1.0	1.0	1.0	
1565754_20180403_S	5.650707186004329	888.008532130969	8.45722411553304	88.8008532130969	38.0575085198987	358.374871895712	814.007821120055	272.74547772594	44.4004266065484	79.1099006040606	513.776365018632	69.7720989531475	57987.557142776415	38.0575085198987	186.058930541727	42.38030389503246	418.632593718885	0.0	50.7433446931982	0.0	62.15777904604761	5.650707186004329	14.12676796501082	313.974445289164	69.7720989531475	38.0575085198987	114.172525559696	79.2864760831222	50.7433446931982	82.4579351264471	189.230389585052	6.34291808664978	133.201279819645	431.318429892185	79.2864760831222	65.543486895381	25.3716723465991	359.432024910154	272.74547772594	431.318429892185	2.8253535930021645	1271.75507637328	12.6858361732996	152.230034079595	1.0	1.0	1.0	
1586713_20180309_S	4.973531045402477	0.0	0.0	0.0	0.0	0.0	25.0865291731823	0.0	0.0	0.5328783262931225	1.50519175039094	0.0	5851.892153242306	0.0	0.0	0.3552522175287483	0.376297937597734	0.0	0.0	0.0	0.5328783262931225	0.0	0.0	0.0	0.0	0.0	0.752595875195469	0.0	0.0	0.0	0.0	0.0	0.0	0.376297937597734	0.0	0.0	0.0	249.924546887829	0.0	0.376297937597734	0.5328783262931225	0.0	0.0	0.0	0.0	1.0		
1593967_20180424_S	6.944444444444445	345.479545960393	6.73012102520246	50.1020120765072	8.97349470026995	126.750612641313	278.178335708369	62.8144629018897	22.4337367506749	32.73809523809524	139.089167854184	33.6506051260123	25366.071428571428	15.7036157254724	99.456232927992	13.88888888888889	118.898804778577	0.0	13.4602420504049	0.0	94.24603174603176	0.0	11.904761904761903	117.777117941043	13.4602420504049	23.5554235882086	22.4337367506749	19.0686762380736	33.6506051260123	22.4337367506749	65.8056278019797	13.4602420504049	170.496399305129	292.386368983796	52.719281364086	20.9381543006299	40.3807261512148	315.567896959493	71.7879576021596	292.386368983796	1.984126984126984	435.214492963093	6.73012102520246	47.1108471764173	1.0	1.0	0.0	0.0
1593973_20180427_S	2.535298396170235	67.408289817984	1.06997285425371	7.16881812349989	3.53091041903726	26.3213322146414	279.690904101921	24.3953810769847	3.85190227531337	6.479095901323933	47.5067947288649	4.4938859878656	5760.47965592057	7.06182083807452	6.63383169637303	1.9718987525768488	30.815218202507	0.0	5.13586970041783	0.0	10.14119358468094	0.5633996435933855	1.126799287186771	23.1114136518802	0.0	4.81487784414172	1.28396742510446	6.41983712552229	5.13586970041783	4.4938859878656	17.868546666037	1.28396742510446	14.7656253887013	27.926291496022	8.66678011945509	2.56793485020892	5.13586970041783	321.09885356154	12.8396742510446	28.8892670648503	2.535298396170235	50.7167132916261	1.28396742510446	8.9877719757312	1.0	1.0	0.0	0.0
1593973_20180504_S	3.123241782193149	93.0562974016574	0.858650956416678	13.2017584549064	3.70293224954692	37.6733107127817	125.041045528179	40.571257690688	3.21994108656254	11.00570913725205	47.6551280811256	11.5917879116251	8833.122663238833	17.0656877587815	14.2750721504273	3.866870777953423	35.0973578435317	0.2974515983041095	7.56686155342197	0.594903196608219	8.179918953363009	0.594903196608219	2.379612786432876	32.5214049742817	0.0	12.2357761289377	4.82991162984381	3.86392930387505	9.01583504237511	5.31290279282819	20.3929602148961	2.89794697790629	9.65982325968762	40.7322547450161	13.5237525635627	3.32727245611462	4.50791752118756	373.03017487827	27.2085021814535	42.9862135056099	0.8923547949123283	87.421400500173	1.28797643462502	17.3876818674377	1.0	1.0	0.0	0.0
1588281_20180508_S	3.799959973754943	42.1768778756954	3.74905581117293	4.21768778756954	2.8117918583797	18.276647079468	398.80581191352	26.7120226546071	4.21768778756954	5.066613298339925	7.02947964594924	14.0589592918985	5402.276429354944	2.8117918583797	7.96674359874247	1.2666533245849811	25.3061267254173	0.0	16.8707511502782	3.799959973754943	8.866573272094866	1.2666533245849811	2.5333066491699623	15.4648552210883	0.0	2.8117918583797	5.62358371675939	3.51473982297462	4.21768778756954	2.8117918583797	7.96674359874247	2.8117918583797	18.276647079468	171.284987372963	12.6530633627086	0.937263952793232	2.8117918583797	242.28273179705	22.4943348670376	169.879091443773	0.6333266622924906	59.0476290259736	8.43537557513909	11.2471674335188	1.0	1.0		
1651490_20171010_S	0.0	0.0	17.11370516851	0.0	0.0	77.011673258295	239.59187235914	51.34111550553	0.0	48.24857666698833	0.0	51.34111550553	10096.014667567308	0.0	0.0	0.0	51.34111550553	0.0	25.670557752765	0.0	0.0	0.0	0.0	77.011673258295	0.0	0.0	0.0	0.0	0.0	0.0	0.0	0.0	0.0	154.02334651659	0.0	0.0	0.0	149.744920224463	77.011673258295	154.02334651659	0.0	282.376135280415	0.0	0.0	0.0	1.0	0.0	1.0
1651490_20180206_S	0.0	19.1460703701053	0.0	0.0	0.0	25.5280938268071	95.7303518505266	31.9101172835089	0.0	24.592467678471053	12.7640469134035	12.7640469134035	6692.664418212478	0.0	0.0	0.0	0.0	0.0	0.0	0.0	28.10567734682406	0.0	0.0	25.5280938268071	0.0	0.0	0.0	0.0	0.0	0.0	12.7640469134035	0.0	134.022492590737	13.8277174895205	0.0	0.0	6.38202345670177	65.9475757192516	0.0	13.8277174895205	0.0	12.7640469134035	0.0	0.0	0.0	1.0	0.0	1.0
1658447_20171006_S	2.855401062494736	18.7279464148123	0.0	3.12132440246871	3.12132440246871	6.24264880493743	211.469728267255	5.46231770432025	0.0	1.4277005312473678	15.6066220123436	0.0	3530.3464886419283	7.02297990555461	3.38143476934111	0.7138502656236839	16.3869531129608	0.0	0.0	0.0	8.566203187484206	0.0	0.0	6.24264880493743	1.56066220123436	0.780331100617179	1.56066220123436	2.34099330185154	0.0	0.780331100617179	5.98253843806504	1.56066220123436	17.1672842135779	8.58364210678897	3.90165550308589	0.520220733744786	4.68198660370307	278.968368470641	9.36397320740615	8.58364210678897	1.0707753984355255	42.1378794333277	0.0	1.56066220123436	1.0	1.0	1.0	0.0
1664053_20180406_S	1.9803254664904175	135.511788543509	4.75479959801786	26.5476310889331	2.37739979900893	43.9818962816652	367.704502246715	23.7739979900893	4.75479959801786	8.91146459920688	64.1897945732411	26.1513977890982	9610.519488877995	28.5287975881072	28.5287975881072	9.901627332452088	104.605591156393	0.0	7.13219939702679	1.9803254664904175	4.950813666226044	2.9704881997356263	7.921301865961671	34.4722970856295	23.7739979900893	13.0756988945491	0.0	9.50959919603572	4.75479959801786	7.13219939702679	42.7931963821607	0.0	19.0191983920714	46.755529380509	17.830498492567	6.33973279735715	19.0191983920714	175.531351826826	35.660996985134	56.2651285765447	1.9803254664904175	194.946783518732	0.0	14.2643987940536	1.0	1.0	1.0	
1690154_20180406_S	2.6222102960213203	9.31681953525874	1.0352021705843	1.0352021705843	0.0	7.24641519409013	191.857468948291	4.14080868233722	0.0	2.1851752466844334	10.352021705843	1.0352021705843	2652.3657144255653	2.07040434116861	0.0	0.4370350493368867	42.4432889939565	0.0	0.0	1.31110514801066	3.059245345358207	1.7481401973475468	0.0	7.24641519409013	0.0	1.0352021705843	0.0	0.0	2.07040434116861	0.0	1.0352021705843	0.0	4.14080868233722	8.45415105977182	1.0352021705843	0.0	0.0	167.185150549365	2.07040434116861	8.45415105977182	0.0	39.3376824822036	2.07040434116861	6.21121302350582	1.0	1.0		
1085876_20180227_S	7.371152258521052	0.0	0.800137525351777	0.600103144013833	0.300051572006917	0.600103144013833	178.230633772108	0.0	7.201237728166	7.371152258521052	0.600103144013833	7.201237728166	2278.253059595199	0.0	0.0	5.386611265842308	6.60113458415216	0.0	2.70046414806225	1.1340234243878542	32.31966759505384	0.0	0.0	0.600103144013833	0.0	0.0	0.0	1.20020628802767	0.0	0.0	1.8003094320415	0.600103144013833	98.4169156182686	317.25452880198	5.10087672411758	0.0	7.80134087217983	251.543234532465	2.70046414806225	271.346638284921	0.5670117121939271	2.40041257605533	1.20020628802767	0.0	1.0	1.0	1.0	
1834617_20180501_S	0.423674059072874	1.75550274771082	0.0	0.0	0.0	0.0	189.301712961483	0.0	0.0	0.0	0.0	0.0	2443.751972732337	1.75550274771082	0.0	0.8473481181457481	3.51100549542164	0.0	0.0	0.0	6.355110886093112	0.0	0.423674059072874	0.0	0.0	0.0	0.0	0.0	0.0	0.0	0.0	0.0	5.26650824313245	1.46291895642568	0.877751373855409	0.0	0.0	384.747685539954	0.0	2.34067033028109	0.423674059072874	13.1662706078311	0.0	0.0	0.0	0.0	0.0	0.0
1845116_20180403_S	2.2712727404874054	60.653588305331	2.62083406257603	0.0	0.0	0.0	222.022085586798	0.0	1.12321459824687	1.2618181891596694	0.0	4.49285839298748	1346.3600078333675	2.24642919649374	2.62083406257603	1.7665454648235372	9.5473240850984	0.0	3.93125109386405	0.0	24.73163650752952	1.5141818269916034	0.0	0.0	0.0	0.0	0.0	0.0	0.0	0.0	0.561607299123436	24.7107211614312	172.975048130018	52.3230800350001	0.0	0.0	13.4785751789625	232.0374157545	3.93125109386405	44.7413814968337	2.5236363783193387	2.24642919649374	1.68482189737031	0.0	0.0	0.0	0.0	0.0
1862551_20180123_S	0.0	0.0	2.76556446346064	4.14834669519096	0.0	0.0	106.474231843235	0.0	0.0	0.0	0.0	0.0	859.8494286398256	0.0	0.0	0.0	20.7417334759548	0.0	0.0	0.0	0.0	0.0	0.0	0.0	0.0	0.0	0.0	0.0	0.0	0.0	0.0	0.0	0.0	8.29669339038192	0.0	0.0	0.0	230.924632698963	0.0	8.29669339038192	0.0	8.29669339038192	0.0	0.0	0.0	0.0	0.0	0.0
623361_20180123_S	12.268126510807985	11.5376597229784	0.699252104422934	3.1466344699032	1.0488781566344	8.39102525307521	205.929744752554	10.488781566344	2.0977563132688	3.774808157171688	14.6842941928816	13.6354160362472	3648.823934926082	4.1955126265376	6.29326893980641	3.3029571375252265	20.977563132688	0.0	47.7239561268652	0.0	20.76144486444428	0.0	0.9437020392929218	7.34214709644081	0.0	2.622195391586	0.0	0.0	6.29326893980641	3.1466344699032	5.59401683538347	0.0	47.199517048548	45.9758258658079	1.0488781566344	1.39850420884587	6.29326893980641	191.070637533567	54.0172250666716	42.3047523175875	0.0	33.5641010123008	2.0977563132688	6.29326893980641	1.0	1.0	1.0	
634207_20180510_S	4.152133239187556	0.0	0.361080367159679	1.26378128505888	0.0	0.812430826109278	312.695597960282	0.541620550739519	0.0	0.0	0.0	6.49944660887422	609.6715639540396	0.0	0.361080367159679	3.6907851015000506	5.95782605813471	0.0	0.0	0.0	8.534940547218866	0.0	0.0	0.812430826109278	0.0	0.0	0.0	0.0	0.0	0.0	0.0	0.0	1.62486165221856	0.541620550739519	0.541620550739519	0.722160734319358	1.62486165221856	174.040736970965	0.0	0.541620550739519	1.1533703442187655	5.41620550739519	1.08324110147904	0.0	0.0	0.0	0.0	0.0
634207_20180517_S	2.722134962673697	0.0	0.0	0.0	0.0	0.885072006961322	295.319026322761	1.77014401392264	0.0	0.3888764232390995	0.0	0.885072006961322	798.7521733331104	0.0	0.0	3.4998878091518955	19.4715841531491	0.0	0.885072006961322	0.0	5.055393502108293	0.0	0.0	0.885072006961322	0.0	0.0	1.77014401392264	0.0	0.0	0.0	0.0	0.0	0.0	3.24526402552485	0.0	0.0	0.0	165.803489304088	0.885072006961322	3.24526402552485	4.277640655630094	5.31043204176793	1.77014401392264	0.0	0.0	0.0	0.0	0.0
639354_20171206_S	31.7073789412272	1247.17512380876	91.6004328221126	598.045133521293	155.896890476095	2039.87117707705	2238.92596378664	1474.414659079	253.66273704585	353.0088188789962	2785.00546714923	465.048351250725	281081.6866634537	454.479070540482	905.435047510882	245.2037304788237	1976.45549281558	6.34147578824544	248.378096690728	29.593553678478724	240.97607995332675	21.138252627484803	164.87837049438147	1632.95386973266	470.332991605847	303.866820419508	253.66273704585	335.574662550239	364.64018450341	475.617631960969	1102.72828743543	285.370579176582	708.141807586332	1955.3169313951	642.083803147308	251.90119026081	280.08593882146	1358.15257126632	1220.75192203315	2055.72509814241	21.138252627484803	6148.67905318431	0.0	871.96565859511	1.0	1.0		
642660_20180601_S	2.8697142553773065	0.0	2.09333050509432	0.0	1.56999787882074	0.0	83.7332202037727	0.0	0.0	4.30457138306596	6.27999151528295	0.0	5014.825661271843	0.0	0.0	4.30457138306596	0.0	0.0	4.70999363646221	0.0	3.587142819221633	0.0	0.0	0.0	0.0	0.0	0.0	1.56999787882074	1.56999787882074	0.0	1.04666525254716	0.0	6.27999151528295	10.9899851517452	0.0	1.04666525254716	0.0	241.25634071212	4.70999363646221	14.1299809093866	0.0	6.27999151528295	0.0	0.0	0.0	1.0	0.0	0.0
650003_20180207_S	0.0	5.46027340899423	1.45607290906513	12.922647067953	2.73013670449711	8.19041011349134	112.117613998015	10.9205468179885	2.18410936359769	6.1090542991946	37.1298591811608	4.36821872719538	1694.302573779485	2.18410936359769	6.91634631805936	1.22181085983892	19.6569842723792	0.0	3.27616404539654	1.3963552683873373	1.3963552683873373	0.3490888170968343	0.3490888170968343	8.19041011349134	4.36821872719538	3.27616404539654	4.36821872719538	6.55232809079308	0.0	0.0	11.1025559316216	4.36821872719538	12.0126014997873	28.39342172677	6.00630074989365	1.09205468179885	2.18410936359769	193.111669564763	7.64438277259192	234.245729245852	1.22181085983892	55.6947887717411	2.18410936359769	4.36821872719538	1.0	1.0		
650003_20180213_S	0.0	0.0	0.664246886428715	0.0	0.0	0.0	34.2087146510788	0.0	0.0	2.3629405850404592	0.0	0.0	1198.7985234771932	0.0	0.332123443214358	0.3938234308400766	0.996370329643073	0.0	0.0	0.0	1.5752937233603064	0.0	0.0	0.0	0.0	0.0	0.0	0.0	0.0	0.0	0.0	0.0	1.99274065928615	2.65698754571486	0.0	0.0	0.0	211.728695049153	0.0	35.5372084239363	1.5752937233603064	0.0	0.0	0.0	0.0	1.0		
715927_20180226_S	1.5526551956500811	0.0	0.0	0.0	0.0	0.0	167.810396563038	0.0	0.0	0.0	0.0	0.0	980.0359594943312	0.0	0.0	0.6210620782600325	45.7664717899194	0.0	0.0	2.48424831304013	7.763275978250406	0.0	0.3105310391300162	0.0	0.0	0.0	0.0	0.0	0.0	0.0	0.0	0.0	0.0	1.19183520286248	0.0	0.0	0.0	190.097714856566	0.0	1.90693632457997	0.9315931173900488	10.7265168257624	0.0	0.0	0.0	0.0	0.0	0.0
658355_20170925_S	0.0	33.8119354656278	0.0	11.2706451552093	0.0	5.63532257760463	820.878655471075	11.2706451552093	0.0	4.3115249216919285	0.0	0.0	2459.724967825245	56.3532257760463	3.75688171840309	0.0	0.0	0.0	0.0	0.0	17.246099686767714	0.0	4.3115249216919285	5.63532257760463	0.0	0.0	0.0	5.63532257760463	11.2706451552093	5.63532257760463	0.0	11.2706451552093	0.0	22.5412903104185	0.0	0.0	0.0	216.020698808178	0.0	50.7179031984417	2.155762460845964	22.5412903104185	33.8119354656278	0.0	0.0	1.0	0.0	0.0
658355_20171204_S	7.666351258839344	0.705301848031897	0.235100616010632	0.470201232021265	0.0	0.0	252.262960979408	0.0	8.46362217638276	5.872098836557796	0.0	32.4438850094673	2268.913744903304	3.52650924015949	0.0	0.4893415697131495	4.93711293622328	0.0	0.0	0.1631138565710498	94.27980909806682	0.0	0.1631138565710498	0.0	0.0	0.0	0.0	0.0	0.0	0.0	0.0	0.0	199.600422993027	334.959602661148	6.34771663228707	0.117550308005316	35.6177433256108	248.677676585246	0.0	301.810415803649	0.3262277131420997	6.34771663228707	2.11590554409569	0.0	0.0	1.0	0.0	0.0
658355_20180122_S	0.7980403321603471	0.0	0.0	0.0	0.0	0.0	133.812311574751	0.0	0.0	4.389221826881909	0.0	8.55942291522926	3069.662137654775	72.7550947794487	0.0	0.0	3.42376916609171	0.0	0.0	0.0	23.143169632650064	0.0	0.0	0.0	0.0	0.0	0.0	0.0	0.0	0.0	0.0	0.0	36.8055185354858	8.84473701240357	0.855942291522926	0.0	10.2713074982751	270.763078218419	0.0	9.7006793039265	0.7980403321603471	1.71188458304585	0.0	0.0	0.0	1.0	0.0	0.0
658355_20180327_S	0.6097114845255226	0.0	5.77287821691223	0.0	0.0	0.0	476.92855422798	0.0	0.0	2.4388459381020904	0.0	0.0	3357.071433797527	0.0	6.21694577205933	1.2194229690510452	0.0	0.0	0.0	0.0	0.6097114845255226	0.0	0.0	0.0	0.0	0.0	0.0	0.0	0.0	0.0	0.0	0.0	0.0	25.3118506433844	0.0	0.0	0.0	236.243939338254	0.0	30.6406613051495	0.0	0.0	0.0	0.0	0.0	1.0	0.0	0.0
658355_20180321_S	2.650799335285559	1.2299207926617	0.0	0.0	0.0	1.2299207926617	188.382868076018	0.0	0.0	0.5301598670571117	0.0	0.0	2550.8642003452933	0.0	0.0	0.0	1.2299207926617	0.0	0.614960396330852	0.2650799335285558	0.5301598670571117	0.0	0.0	1.2299207926617	0.0	0.307480198165426	0.0	0.0	0.0	0.0	0.0	0.0	1.2299207926617	4.09973597553901	0.0	0.0	0.0	270.685067784963	0.614960396330852	5.32965676820071	0.0	1.2299207926617	0.0	0.0	1.0	1.0	0.0	0.0
670829_20170922_S	1.4322322141106956	0.0	0.467694126744934	0.0	0.0	2.1046235703522	144.283638100812	0.0	0.0	0.0	0.0	0.0	532.5039372063566	0.0	0.0	0.8593393284664174	14.7323649924654	0.0	0.0	0.2864464428221391	3.1509108710435303	0.0	0.0	2.1046235703522	0.0	0.0	1.4030823802348	0.0	0.0	0.0	0.0	1.4030823802348	1.4030823802348	15.6677532459553	0.0	0.0	0.0	202.277709817184	0.0	21.6308533619532	1.1457857712885564	2.8061647604696	0.0	0.0	0.0	0.0	0.0	0.0
670829_20171001_S	0.0	0.0	5.23124368962544	0.0	0.0	4.7081193206629	215.527240012568	0.0	0.0	2.69013540796576	0.0	0.0	1899.2355980238267	59.6361780617301	0.0	2.69013540796576	0.0	0.0	0.0	0.0	10.76054163186304	0.0	0.0	4.7081193206629	0.0	0.0	0.0	0.0	0.0	0.0	2.09249747585018	0.0	18.8324772826516	13.6012335930262	0.0	2.09249747585018	0.0	240.63720972277	0.0	13.6012335930262	0.0	25.1099697102021	6.27749242755053	0.0	0.0	0.0	0.0	0.0
670829_20171005_S	3.851165298433217	1.91454790582567	2.8718218587385	0.0	0.0	0.957273952912833	348.766810177909	1.91454790582567	0.0	2.567443532288812	0.0	1.91454790582567	2261.917751946443	22.0173009169952	0.0	0.4279072553814686	1.91454790582567	0.0	0.0	0.0	3.423258043051749	0.0	0.0	0.957273952912833	0.0	0.0	0.0	0.0	1.91454790582567	0.0	0.0	1.91454790582567	6.70091767038983	4.78636976456417	0.957273952912833	0.0	0.0	227.352563816798	0.0	5.743643717477	0.0	11.487287434954	0.0	0.0	0.0	0.0	0.0	0.0
670829_20180201_S	1.3782771122613595	2.67297699681821	0.890992332272737	0.0	0.0	0.0	130.08488051182	1.3364884984091	0.0	0.0	2.67297699681821	0.0	2779.984935431163	2.67297699681821	2.67297699681821	5.513108449045439	10.6919079872728	0.0	1.3364884984091	0.0	12.40449401035224	0.0	4.13483133678408	0.0	0.0	0.0	0.0	0.0	1.3364884984091	2.67297699681821	0.0	0.0	0.0	8.01893099045463	3.34122124602276	0.0	5.34595399363642	204.037244090457	1.3364884984091	10.6919079872728	2.7565542245227195	2.67297699681821	2.67297699681821	0.0	0.0	1.0	0.0	1.0
673895_20180122_S	4.06104563803088	0.0	0.0	0.0	5.08622125948931	144.957305895445	89.8565755843111	0.0	0.0	64.97673020849408	0.0	218.70751415804	4477.302815929045	0.0	113.592274795261	22.33575100916984	0.0	0.0	0.0	0.0	42.64097919932424	0.0	0.0	144.957305895445	0.0	0.0	10.1724425189786	0.0	0.0	470.475466502761	0.0	0.0	330.604381866805	8.47703543248218	195.819518490338	0.0	0.0	484.038723194732	0.0	275.503651555671	6.09156845704632	10.1724425189786	518.794568467909	0.0	0.0	0.0	0.0	1.0
673895_20180205_S	1.1975933164712194	0.0	0.0	4.49134185984106	0.0	18.5267851718444	159.442636024358	3.3685063948808	0.0	5.987966582356097	0.0	13.4740255795232	3929.303671342071	0.0	6.73701278976159	0.0	3.3685063948808	0.0	3.3685063948808	0.0	0.0	0.0	0.0	11.7897723820828	0.0	0.0	0.0	3.3685063948808	0.0	0.0	0.0	0.0	33.685063948808	8.98268371968212	15.1582787769636	4.49134185984106	0.0	363.798690647126	3.3685063948808	19.0882029043245	0.0	26.9480511590464	33.685063948808	0.0	0.0	0.0	0.0	1.0
676138_20171001_S	2.6373927789943976	0.0	0.0	8.49489206438178	0.0	2.12372301609545	1017.97123238175	4.24744603219089	0.0	116.92441320208492	0.0	0.0	12047.610214446408	530.930754023861	0.0	1.7582618526629314	80.7014746116269	0.0	0.0	0.0	29.01132056893837	0.0	0.0	2.12372301609545	0.0	404.569234566182	0.0	0.0	0.0	0.0	0.0	8.49489206438178	322.805898446508	592.164767654613	465.095340524903	0.0	0.0	151.492241814808	0.0	967.00187999546	0.8791309263314657	82.8251976277224	0.0	0.0	0.0	1.0	0.0	0.0
676138_20171009_S	0.0	0.0	0.0	0.0	0.0	0.0	200.64648064335	2.11578011223216	0.0	6.546982373068333	2.11578011223216	1.05789005611608	872.3854012113554	46.5471624691075	0.0	0.0	22.2156911784377	0.0	0.0	0.0	2.455118389900625	0.0	0.0	0.0	0.0	21.1578011223216	0.0	0.0	0.0	0.0	0.0	0.0	24.3314712906698	41.4340271978798	23.2735812345538	0.0	0.0	169.438723987926	0.0	53.5997628432147	0.0	7.40523039281256	0.0	0.0	0.0	1.0	0.0	0.0
676138_20180130_S	1.1301969989879086	1.29962680056045	0.866417867040297	0.0	0.0	0.0	318.841775070829	0.0	0.0	27.124727975709806	0.0	0.0	3304.130926541151	102.670517244275	0.0	0.8476477492409314	36.3895504156925	0.0	0.0	0.0	8.193928242662336	0.0	0.0	0.0	0.0	77.6527013334866	0.0	0.0	1.29962680056045	0.0	0.0	0.0	61.7322730266212	120.323781285221	100.071263643154	0.0	0.0	236.965286635521	0.649813400280223	196.027042417867	0.0	17.544961807566	0.0	0.0	0.0	1.0	0.0	0.0
676138_20180323_S	1.6452320353000984	0.0	1.32316977644328	0.0	0.0	0.0	582.194701635045	0.0	0.0	54.29265716490325	0.0	0.0	5532.915334714231	218.323013113142	0.661584888221641	0.0	55.5731306106179	0.0	0.0	0.0	13.161856282400787	0.0	0.0	0.0	0.0	180.612674484508	0.0	0.0	0.0	0.0	0.0	0.0	164.734637167189	302.013501473179	291.758935705744	0.0	1.98475466466492	139.594411414766	0.0	474.687157299028	0.0	57.5578852752828	3.96950932932985	0.0	1.0	1.0	0.0	0.0
676138_20180405_S	2.090397861941067	0.0	0.0	0.433883925492091	0.0	0.433883925492091	201.611397378658	0.0	0.0	2.438797505597911	0.0	0.0	640.5327448631085	9.11156243533392	0.0	0.0	58.1404460159402	0.0	0.0	0.1741998218284222	3.483996436568445	0.0	0.0	0.433883925492091	0.0	5.64049103139719	0.867767850984183	0.0	0.867767850984183	0.0	0.0	0.0	5.64049103139719	7.80991065885764	4.33883925492091	0.0	1.73553570196837	66.6734965506181	0.433883925492091	11.0640401000483	0.8709991091421112	2.60330355295255	0.0	0.0		1.0	0.0	0.0
698564_20171001_S	30.41593795148658	3791.87788511706	0.0	67.0281444338875	0.0	57.4526952290464	727.734139567921	0.0	0.0	167.2876587331762	0.0	0.0	25047.5249030492	229.810780916186	191.508984096821	0.0	689.432342748557	0.0	0.0	0.0	45.62390692722987	0.0	30.41593795148658	57.4526952290464	0.0	0.0	0.0	0.0	114.905390458093	229.810780916186	0.0	0.0	229.810780916186	545.800604675941	114.905390458093	38.3017968193643	0.0	593.677850700146	229.810780916186	976.695818893789	0.0	1781.03355210044	114.905390458093	0.0	1.0	1.0	0.0	0.0
698564_20180215_S	0.0	11.0188830598998	0.0	0.0	0.0	5.50944152994989	198.339895078196	22.0377661197996	0.0	0.0	0.0	0.0	11608.72197229575	22.0377661197996	0.0	5.9349294336890335	11.0188830598998	0.0	0.0	0.0	11.869858867378069	0.0	0.0	5.50944152994989	0.0	0.0	11.0188830598998	0.0	0.0	0.0	0.0	0.0	0.0	11.0188830598998	0.0	0.0	5.50944152994989	213.031739158063	0.0	16.5283245898497	5.9349294336890335	5.50944152994989	11.0188830598998	0.0	0.0	1.0	0.0	0.0
698564_20181205_S	0.6539204492695055	929.208222250962	0.0	1.3032373383604	0.0	0.0	115.988123114075	0.0	7.81942403016237	77.81653346307115	0.0	0.0	8266.862319665088	0.0	38.6627077046917	2.615681797078022	5.21294935344158	0.0	0.0	0.0	17.65585213027665	0.0	0.0	0.0	0.0	0.0	0.0	0.0	0.0	107.517080414733	0.0	0.0	63.8586295796594	30.6260774514693	1.3032373383604	0.0	7.81942403016237	500.877550376512	0.0	78.8458589708039	0.0	334.931995958622	0.0	0.0	1.0	1.0	0.0	0.0
698917_20171207_S	0.0	783.579399652811	26.1193133217603	101.865321954865	31.3431759861124	266.416995881956	449.252189134278	109.701115951393	0.0	87.28346985363233	219.402231902787	62.6863519722248	41976.63488653149	94.0295279583373	245.521545224547	6.7141130656640255	329.10334785418	0.0	54.8505579756967	0.0	26.856452262656106	0.0	0.0	235.073819895843	0.0	70.522145968753	0.0	125.37270394445	219.402231902787	78.357939965281	211.566437906259	0.0	203.730643909731	378.730043165525	164.55167392709	0.0	62.6863519722248	255.969270553251	399.625493822933	394.401631158581	0.0	720.893047680586	0.0	219.402231902787	0.0	1.0	0.0	0.0
698917_20180119_S	0.0	176.706004438475	0.0	0.0	0.0	0.0	574.294514425044	0.0	0.0	76.9748869431348	0.0	88.3530022192375	11373.039545848167	0.0	88.3530022192375	0.0	176.706004438475	0.0	44.1765011096188	0.0	38.4874434715674	0.0	0.0	0.0	0.0	0.0	0.0	0.0	44.1765011096188	0.0	44.1765011096188	88.3530022192375	0.0	176.706004438475	176.706004438475	0.0	0.0	242.970756102903	44.1765011096188	176.706004438475	0.0	132.529503328856	88.3530022192375	0.0	0.0	1.0	0.0	0.0
698917_20180128_S	0.0	628.740867819586	26.1975361591494	0.0	0.0	235.777825432345	157.185216954897	0.0	0.0	0.0	0.0	157.185216954897	6464.793462442628	0.0	0.0	0.0	0.0	0.0	0.0	0.0	0.0	0.0	0.0	235.777825432345	0.0	0.0	0.0	0.0	0.0	0.0	0.0	0.0	392.963042387241	288.172897750644	0.0	0.0	0.0	170.283985034471	0.0	288.172897750644	0.0	0.0	0.0	0.0	0.0	1.0	0.0	0.0
698917_20180329_S	0.0	597.036566357416	0.0	0.0	0.0	0.0	1791.10969907225	597.036566357416	0.0	0.0	0.0	0.0	33060.639284810655	0.0	0.0	168.67673104495233	0.0	0.0	0.0	0.0	168.67673104495233	0.0	0.0	0.0	0.0	0.0	0.0	0.0	0.0	0.0	0.0	0.0	0.0	0.0	0.0	0.0	597.036566357416	348.271330375159	0.0	0.0	0.0	1492.59141589354	0.0	0.0	0.0	1.0	0.0	0.0
701099_20180504_S	0.0	0.0	1.84256278240668	1.38192208680501	0.0	0.0	269.014166231375	0.0	0.0	0.5539144301909953	0.0	0.0	894.0178903282663	6.90961043402505	3.22448486921169	1.1078288603819906	2.76384417361002	0.0	0.0	1.1078288603819906	2.215657720763981	0.0	0.0	0.0	0.0	1.38192208680501	0.0	0.0	2.76384417361002	0.0	1.38192208680501	0.0	8.29153252083006	13.8192208680501	0.0	0.0	0.0	401.678686564656	0.0	22.1107533888802	0.0	5.52768834722004	2.76384417361002	0.0	0.0			
701099_20180517_S	1.30686965837447	0.0	0.0	1.5685455819813	0.0	0.0	214.106471940447	0.0	0.0	0.3267174145936175	0.0	1.5685455819813	1044.8422918703886	0.0	0.0	1.9603044875617048	23.5281837297195	0.0	0.0	0.9801522437808524	8.167935364840435	0.0	0.0	0.0	0.0	0.0	0.0	0.0	0.0	0.0	0.0	0.0	0.0	4.83634887777567	0.0	0.0	3.1370911639626	217.504987368074	0.0	7.18916725074762	1.6335870729680873	11.7640918648597	1.5685455819813	0.0	0.0			
715927_20180205_S	0.7956554032361692	0.0	0.603986288363685	0.0	0.0	0.905979432545528	220.153002108563	0.0	0.0	1.1934831048542538	0.0	0.0	2192.428463617264	0.0	0.603986288363685	0.0	22.6494858136382	0.0	0.0	0.0	4.773932419417015	0.3978277016180846	0.0	0.905979432545528	0.0	0.0	0.0	0.0	0.905979432545528	1.81195886509106	0.0	0.0	8.15381489290975	12.6837120556374	0.0	0.0	0.0	205.657331187835	0.0	10.8717531905463	0.3978277016180846	2.71793829763658	1.81195886509106	0.0	0.0	0.0	0.0	0.0
715927_20180213_S	0.6101938372253022	0.0	1.45584895994094	0.0	0.0	2.54773567989665	251.619228576459	0.0	0.0	0.3050969186126511	0.0	0.0	1002.5484745611714	1.45584895994094	0.0	0.0	51.6826380779034	0.0	0.0	0.6101938372253022	0.6101938372253022	0.0	0.0	2.54773567989665	1.45584895994094	0.0	0.0	0.0	1.45584895994094	0.0	0.0	0.0	1.45584895994094	3.51830165319061	0.0	0.0	0.0	128.721312208112	0.0	4.24622613316108	0.0	1.45584895994094	4.36754687982282	0.0	1.0	0.0	0.0	0.0
717449_20180606_S	7.596388676823038	0.0	0.0	0.963230823694571	0.0	0.0	68.3893884823146	0.0	0.0	3.798194338411519	0.0	0.0	3353.805600817372	11.5587698843349	27.9336938871426	0.0	37.5660021240883	0.0	0.0	0.0	0.0	0.0	0.0	0.0	0.0	0.0	0.0	11.5587698843349	26.0072322397534	0.0	7.22423117770929	0.0	5.77938494216743	17.3381548265023	0.0	0.963230823694571	0.0	272.112707693716	0.0	24.5623860042116	0.0	5.77938494216743	11.5587698843349	0.0	0.0			
720054_20170925_S	4.798071322961134	2.33881458786373	0.779604862621242	1.55920972524248	0.0	0.19490121565531	435.149447486423	0.0	8.96545592014428	3.137200480397664	0.0	56.9111549713507	3539.684847912212	96.671002965034	0.389802431310621	0.3690824094585487	4.67762917572745	0.0	4.28782674441683	0.0	170.14699076039096	0.0	0.0	0.19490121565531	0.0	0.19490121565531	0.0	0.0	0.0	0.0	0.0	1.55920972524248	275.590318936609	50.9341843579211	0.0	0.0	52.2335257956232	216.40531644928	4.28782674441683	49.3749746326787	0.1845412047292743	4.67762917572745	1.55920972524248	0.0	0.0	0.0	0.0	0.0
720054_20171120_S	4.660005964807636	6.78007254564622	1.13001209094104	2.26002418188207	0.0	1.13001209094104	601.166432380632	0.0	2.26002418188207	2.0711137621367266	0.0	18.0801934550566	2853.994764224409	151.421620186099	1.50668278792138	0.0	3.39003627282311	0.0	2.26002418188207	0.0	52.29562249395234	0.0	0.0	1.13001209094104	0.0	0.0	0.0	0.0	0.0	0.0	0.0	4.52004836376415	134.471438821983	139.744828579708	2.26002418188207	0.0	27.1202901825849	255.382732552674	2.26002418188207	127.879701624827	0.5177784405341816	2.26002418188207	2.26002418188207	2.26002418188207	0.0	0.0	0.0	0.0
748160_20180321_S	0.0	0.0	5.90027277081431	0.0	0.0	0.0	557.99722489701	0.0	0.0	8.404561996251566	0.0	5.05737666069798	783.7254061504585	0.0	6.74316888093064	0.0	7.58606499104697	0.0	0.0	0.0	0.0	0.0	0.0	0.0	0.0	0.0	0.0	0.0	5.05737666069798	0.0	0.0	0.0	2.52868833034899	5.05737666069798	0.0	0.0	0.0	88.5040915622146	0.0	3.79303249552348	0.0	17.7008183124429	5.05737666069798	0.0	1.0	1.0	0.0	0.0
748160_20180329_S	0.0	0.0	0.0	0.0	0.0	0.0	616.377592913421	0.0	0.0	2.8369679621208035	0.0	0.0	616.567703767588	0.0	0.0	0.0	0.0	0.0	0.0	0.0	6.619591911615209	0.0	0.0	0.0	0.0	0.0	0.0	0.0	0.0	0.0	2.81879996759186	0.0	2.81879996759186	0.0	0.0	0.0	0.0	85.9733990115518	0.0	52.1477994004495	0.0	11.2751998703675	0.0	0.0	0.0	1.0	0.0	0.0
748699_20180329_S	3.388998060971725	4.70818444412347	0.392348703676956	0.980871759192389	0.0	0.588523055515433	445.708127377022	0.0	1.17704611103087	2.085537268290292	0.588523055515433	0.0	2512.8117161312657	17.0671686099476	0.392348703676956	1.564152951217719	2.35409222206173	0.0	4.70818444412347	0.0	4.43176669511687	0.0	0.0	0.588523055515433	0.0	1.17704611103087	0.588523055515433	0.0	0.0	0.588523055515433	0.980871759192389	0.0	14.1245533323704	43.4526189322228	0.588523055515433	0.784697407353911	2.35409222206173	260.813800769256	5.88523055515433	43.4526189322228	0.0	5.88523055515433	1.17704611103087	1.17704611103087	0.0	1.0	1.0	0.0
748699_20180410_S	0.0	53.3594676148053	0.0	0.0	4.5736686526976	30.4911243513173	253.076332115934	6.09822487026347	3.04911243513173	7.233539423447453	13.7210059580928	6.09822487026347	4044.863726693208	15.2455621756587	11.6882643346716	3.287972465203388	91.473373053952	0.0	5.33594676148053	9.863917395610162	17.097456819057612	1.315188986081355	1.315188986081355	18.2946746107904	0.0	6.09822487026347	3.04911243513173	4.5736686526976	7.62278108782933	6.09822487026347	9.1473373053952	4.5736686526976	3.04911243513173	32.7779586776661	15.2455621756587	3.04911243513173	3.04911243513173	130.603649304809	20.5815089371392	35.8270711127979	0.0	64.0313611377664	0.0	10.6718935229611	0.0	1.0	1.0	0.0
748699_20190101_S	0.0	5.4195547678333	1.80651825594443	0.0	0.0	2.70977738391665	222.201745481165	0.0	0.0	0.0	0.0	0.0	2608.76415011283	5.4195547678333	0.0	0.0	5.4195547678333	0.0	0.0	0.0	4.633684103219947	0.0	0.0	2.70977738391665	0.0	0.0	0.0	0.0	0.0	0.0	0.0	0.0	0.0	17.6135529954582	0.0	0.0	0.0	207.74959943361	0.0	14.9037756115416	0.0	16.2586643034999	5.4195547678333	0.0	1.0	1.0	1.0	0.0
748699_20190109_S	2.466979479664688	0.0	0.710998761569663	0.0	0.0	1.0664981423545	79.9873606765871	0.0	0.0	0.0	1.0664981423545	1.0664981423545	3922.4973726668554	0.0	0.0	0.9867917918658752	1.0664981423545	0.0	0.0	0.0	0.9867917918658752	0.0	0.0	1.0664981423545	0.0	1.0664981423545	0.0	0.0	0.0	0.0	0.0	0.0	2.13299628470899	2.13299628470899	0.0	0.0	0.0	221.831613609735	0.0	2.13299628470899	1.4801876877988127	14.9309739929629	0.0	0.0	1.0	1.0	1.0	0.0
748699_20190114_S	3.0787071482448805	5.03858436941271	0.0	2.93917421549075	0.0	0.0	159.555171698069	0.0	0.0	1.026235716081627	0.0	0.0	2422.942525668721	0.0	0.0	0.0	12.5964609235318	0.0	0.0	0.0	1.026235716081627	0.0	0.0	0.0	0.0	0.0	0.0	0.0	0.0	0.0	0.0	0.0	0.0	1.67952812313757	0.0	1.67952812313757	2.51929218470635	212.040425546118	0.0	4.19882030784392	0.0	5.03858436941271	5.03858436941271	0.0	1.0	1.0	1.0	0.0
752797_20170918_S	0.0	27.3478296759405	0.0	9.11594322531348	0.0	0.0	864.357162181997	0.0	0.0	13.251556505741236	9.94466533670562	0.0	7710.197293590443	9.94466533670562	3.31488844556854	11.042963754784363	14.9169980050584	0.0	0.0	0.0	14.355852881219672	0.0	0.0	0.0	0.0	0.0	4.97233266835281	2.48616633417641	9.94466533670562	0.0	0.0	4.97233266835281	14.9169980050584	32.3201623442933	0.0	1.65744422278427	4.97233266835281	224.169331131573	0.0	32.3201623442933	0.0	14.9169980050584	9.94466533670562	0.0	0.0	0.0	0.0	0.0
752797_20170927_S	21.951294467834767	47.0446811339517	0.0	23.5223405669758	0.0	0.0	654.705145780828	11.7611702834879	0.0	13.17077668070086	0.0	23.5223405669758	2945.8637175834256	47.0446811339517	23.5223405669758	0.0	23.5223405669758	0.0	5.88058514174396	0.0	8.780517787133908	0.0	0.0	0.0	0.0	0.0	0.0	23.5223405669758	0.0	0.0	0.0	0.0	0.0	78.4078018899195	23.5223405669758	0.0	0.0	245.024380905998	5.88058514174396	78.4078018899195	0.0	23.5223405669758	0.0	0.0	0.0	0.0	0.0	0.0
752797_20180306_S	1.082970718637709	0.0	0.0	0.0	0.0	0.0	148.804050081826	0.0	0.0	0.7219804790918064	0.839120583168192	0.0	3513.518001500275	0.0	0.279706861056064	0.0	0.0	0.0	0.0	0.0	1.082970718637709	0.0	0.0	0.0	0.0	0.839120583168192	0.0	0.0	0.0	0.0	0.0	0.0	0.0	1.67824116633638	0.0	0.0	0.0	254.952803852602	0.0	4.61516320742506	0.0	0.839120583168192	0.0	0.0	0.0	0.0	0.0	0.0
753522_20180606_S	0.0	0.0	8.44928819705297	0.0	0.0	1.49105085830347	100.066079823921	0.0	0.0	0.2219688324683577	0.994033905535644	2.98210171660693	2726.6651380413077	43.2404748908005	1.32537854071419	1.5537818272785044	5.46718648044604	0.0	10.6858644845082	0.0	8.212846801329238	0.4439376649367155	0.0	0.497016952767822	0.0	0.0	0.994033905535644	0.0	0.0	0.0	0.0	0.0	9.94033905535644	4.22464409852649	0.0	0.0	1.98806781107129	314.611731102031	10.6858644845082	3.47911866937475	1.3318129948101467	32.8031188826762	3.97613562214257	0.0	0.0	0.0	0.0	0.0
756934_20181205_S	0.0	0.0	0.0	0.0	0.0	0.0	229.940780125492	0.0	0.0	1.0369587658531554	0.0	0.0	469.7423209314793	5.94674431359032	0.0	1.0369587658531554	1.48668607839758	0.0	0.0	0.0	0.5184793829265777	0.0	0.0	0.0	0.0	0.74334303919879	0.0	0.0	0.0	0.0	0.0	2.97337215679516	0.0	4.46005823519274	0.0	0.0	0.0	218.790634537511	0.0	4.46005823519274	0.0	10.4068025487831	0.0	0.0	0.0	1.0	0.0	0.0
756934_20181218_S	0.4342185022240671	0.0	0.0	0.0	0.0	0.0	400.772408877436	0.0	1.99554726412001	1.3026555066722014	0.0	0.0	2577.955247704286	0.0	0.0	3.4737480177925373	1.99554726412001	0.0	0.997773632060007	0.0	0.8684370044481343	0.0	0.0	0.0	0.0	0.0	0.0	0.0	0.0	0.0	0.997773632060007	0.0	0.0	1.66295605343334	0.0	0.0	0.0	239.798262905088	0.997773632060007	1.66295605343334	0.0	16.9621517450201	0.0	0.0	0.0	1.0	0.0	0.0
763742_20170925_S	0.0	5.59291612429517	1.86430537476506	10.2536795612078	0.0	0.0	314.135455647912	0.0	2.79645806214759	3.4517673048600885	0.0	0.0	2110.180412371134	33.557496745771	0.0	4.6023564064801175	11.1858322485903	0.0	0.0	0.0	9.204712812960237	0.0	2.3011782032400587	0.0	0.0	0.0	5.59291612429517	0.0	5.59291612429517	0.0	0.0	0.0	36.3539548079186	161.728491260869	6.99114515536896	1.86430537476506	0.0	258.672370748652	0.0	164.524949323016	0.0	11.1858322485903	11.1858322485903	0.0	0.0	0.0	0.0	0.0
763742_20180129_S	2.2163969042979965	0.0	2.75208081772768	0.0	0.0	0.458680136287946	133.32302628103	0.0	0.0	1.4104343936441797	0.917360272575892	50.4548149916741	1794.8785112260505	22.9340068143973	1.83472054515178	0.2014906276634542	0.458680136287946	0.0	0.0	0.0	194.84143695056025	0.0	0.0	0.458680136287946	0.0	0.0	0.0	0.0	0.0	0.0	0.0	3.21076095401562	299.059448859741	48.9258812040476	0.688020204431919	0.0	43.1159328110669	313.890106599718	0.0	44.1097397730242	1.0074531383172711	0.0	0.0	0.0	0.0	0.0	0.0	0.0
768745_20171123_S	0.3851930260032256	0.0	0.56255454330452	0.0	0.0	0.0	137.544585837955	0.0	0.0	1.925965130016128	0.0	1.68766362991356	1587.7656531852958	6.75065451965424	0.0	1.5407721040129023	22.7834590038331	0.0	0.0	1.925965130016128	9.244632624077417	0.3851930260032256	0.3851930260032256	0.0	0.0	0.0	0.0	0.42191590747839	0.0	0.0	0.0	0.0	16.0328044841788	29.9560294309657	1.68766362991356	0.0	1.68766362991356	346.533598675584	0.0	33.7532725982712	0.3851930260032256	6.75065451965424	1.68766362991356	0.0	0.0			
768745_20171206_S	1.5376897364976423	3.4563775308349	0.0	1.29614157406309	0.0	0.864094382708724	148.336202364998	0.864094382708724	0.0	0.9610560853110264	0.0	0.0	1900.9689367452104	4.32047191354362	0.432047191354362	0.1922112170622053	15.1216516974027	0.0	0.0	1.7299009535598475	8.265082333674828	0.0	0.0	0.864094382708724	0.0	0.432047191354362	0.864094382708724	0.864094382708724	0.0	0.432047191354362	0.0	0.864094382708724	2.59228314812617	9.50503820979597	0.0	0.0	0.864094382708724	262.540676613001	0.864094382708724	10.1531089968275	0.7688448682488213	2.59228314812617	5.18456629625235	0.864094382708724	0.0			
768745_20190228_BAL	0.0	0.0	0.0	840.43486501158	0.0	0.0	0.0	0.0	0.0	0.0	0.0	0.0	16891.891891891893	0.0	0.0	0.0	0.0	0.0	0.0	0.0	0.0	0.0	0.0	0.0	0.0	0.0	0.0	360.186370719249	0.0	0.0	0.0	0.0	0.0	840.43486501158	0.0	480.248494292331	0.0	0.0	0.0	840.43486501158	0.0	0.0	0.0	0.0	0.0			
768745_20190228_S	2.2368123138009084	1.01068644378224	0.336895481260745	0.0	0.0	0.0	157.835532970659	0.0	1.01068644378224	2.733881716867777	0.0	32.3419662010315	3149.4317378316787	2.02137288756447	1.01068644378224	2.4853470153343427	7.58014832836677	0.0	0.0	1.4912082092006056	172.23454816266994	0.4970694030668685	0.0	0.0	0.0	0.0	1.01068644378224	1.26335805472779	0.0	0.0	0.0	22.2351017632092	258.735729608252	88.0981683496849	1.26335805472779	0.0	46.4915764139828	239.616911046705	0.0	87.3401535168482	0.0	1.01068644378224	1.01068644378224	0.0	0.0			
770560_20181211_S	1.1907455257736868	0.0	0.0	1.35946863886468	0.0	0.0	246.063823634508	0.0	0.0	4.167609340207904	0.0	8.15681183318811	1723.6041485574117	0.0	0.0	1.1907455257736868	8.15681183318811	0.0	0.0	0.5953727628868434	60.72802181445803	0.0	1.1907455257736868	0.0	0.0	1.35946863886468	0.0	3.39867159716171	0.0	0.0	0.0	0.0	95.1628047205279	29.9083100550231	0.0	0.0	16.3136236663762	260.11166623611	0.0	30.5880443744554	1.1907455257736868	0.0	2.71893727772937	0.0	0.0	0.0	0.0	0.0
770560_20181218_S	0.9606897752586356	0.0	0.0	0.0	0.0	0.0	72.5372170291741	0.580297736233393	0.0	0.0	0.0	0.0	1891.5981674842535	0.0	0.0	0.4803448876293178	6.96357283480071	0.0	0.0	1.2008622190732947	3.602586657219884	0.0	0.0	0.0	0.0	0.0	0.0	0.0	0.0	0.0	0.0	0.0	5.80297736233393	7.44715428166187	0.870446604350089	0.0	0.0	292.760207929747	0.0	6.86685654542848	0.7205173314439768	0.580297736233393	0.0	0.0		0.0	0.0	0.0
770560_20190109_S	0.9969354205173298	0.0	0.0	0.0	0.0	1.93476161643196	447.574853934593	0.0	0.0	8.972418784655968	0.0	0.0	8315.438342535046	0.0	0.0	0.0	0.0	0.0	0.0	0.0	2.990806261551989	0.0	0.0	1.93476161643196	0.0	0.0	0.0	0.0	0.0	0.0	0.0	0.0	3.86952323286391	6.44920538810652	0.0	0.0	0.0	185.414654908063	0.0	12.2534902374024	0.0	0.0	0.0	0.0	0.0	0.0	0.0	0.0
770590_20170925_S	0.0	0.0	0.0	0.0	0.284832493916604	1.99382745741623	990.45752551267	1.13932997566642	0.0	33.09965625033465	0.0	1.13932997566642	2000.8255443676555	0.0	0.0	0.0	1.13932997566642	0.0	2.56349244524943	0.0	5.110976332772262	0.0	0.4867596507402154	1.99382745741623	0.0	0.0	0.0	0.0	1.13932997566642	0.0	0.0	1.13932997566642	0.0	0.0	0.0	0.0	0.0	147.828064342717	3.70282242091585	1.13932997566642	0.0	2.27865995133283	0.0	0.0	0.0	0.0	0.0	0.0
770590_20180115_S	1.3929050985898228	0.851184800654059	0.283728266884686	0.0	0.0	0.0	379.060964557941	0.0	0.0	1.591891541245512	0.851184800654059	16.1725112124271	4139.912939451609	0.425592400327029	0.0	0.0	3.83033160294326	0.0	2.12796200163515	0.198986442655689	52.13444797579052	0.0	0.0	0.0	0.0	0.0	0.0	0.0	0.0	0.0	0.0	0.851184800654059	68.5203764526517	12.5549758096474	0.0	0.0	8.93744040686762	270.251174207664	2.12796200163515	10.8526062083392	0.198986442655689	0.851184800654059	0.0	0.0	0.0	0.0	0.0	0.0
773911_20171213_S	2.539002248286491	2.02125555226268	1.01062777613134	0.0	0.0	0.0	302.514580988647	0.0	0.0	0.0	1.01062777613134	0.0	2959.630287419286	0.0	0.0	0.0	0.0	0.0	0.0	0.0	0.8463340827621637	0.0	0.0	0.0	0.0	0.0	0.0	0.0	0.0	0.0	0.0	0.0	2.02125555226268	11.2853435001333	0.0	0.0	0.0	232.444388510208	0.0	12.2959712762646	0.0	2.02125555226268	0.0	2.02125555226268	0.0	1.0		
773911_20180130_S	1.2152543588135714	0.0	5.40392974753772	1.47379902205574	0.0	2.94759804411148	144.432304161463	0.0	0.0	3.0381358970339285	0.0	2.94759804411148	2100.5671592092585	0.0	1.96506536274099	0.0	2.94759804411148	0.0	0.0	0.0	1.8228815382203567	0.0	0.0	2.94759804411148	0.0	0.0	2.94759804411148	0.0	2.94759804411148	0.0	0.0	0.0	8.84279413233445	3.93013072548198	0.0	0.0	2.94759804411148	229.912647440696	0.0	3.93013072548198	0.0	5.89519608822297	0.0	0.0	0.0	1.0		
777599_20180306_S	0.0	0.0	0.0	0.0	0.0	0.0	309.628692694773	0.0	0.0	0.0	80.7727024421148	0.0	1824.5890202672483	0.0	0.0	17.888127649678907	0.0	0.0	20.1931756105287	0.0	35.776255299357814	0.0	0.0	0.0	0.0	0.0	0.0	0.0	0.0	0.0	0.0	0.0	0.0	20.1931756105287	0.0	0.0	0.0	588.967621973754	20.1931756105287	20.1931756105287	0.0	0.0	0.0	0.0	0.0	1.0	0.0	0.0
778851_20170918_S	1.2565880555650673	2.97287048641955	1.7341744504114	0.0	0.0	0.0	182.336056500399	0.0	1.48643524320977	0.6282940277825336	1.48643524320977	8.17539383765376	1504.4500495252769	1.48643524320977	0.247739207201629	0.6282940277825336	6.68895859444399	0.0	2.97287048641955	0.0	21.047849930714875	0.0	0.0	0.0	0.0	0.0	0.0	8.91861145925865	0.0	0.0	0.0	1.48643524320977	29.7287048641955	45.8317533323014	0.371608810802444	0.0	2.22965286481466	223.460764895869	2.97287048641955	41.3724476026721	1.2565880555650673	6.68895859444399	0.0	0.0	0.0	0.0	0.0	0.0
778851_20171204_S	5.610508186543492	0.0	0.447841063356242	0.0	0.0	0.0	177.680941886589	0.0	2.68704638013745	2.362319236439365	0.671761595034363	32.5804373591666	1511.5890214166384	3.35880797517181	0.0	1.3288045704971427	8.06113914041235	0.0	18.8093246609622	0.7382247613873015	116.63951229919364	0.0	0.0	0.0	0.0	0.167940398758591	0.0	17.2978610721348	0.0	0.0	0.0	1.34352319006873	204.887286485481	153.665464864111	3.02292717765463	0.0	30.5651525740635	289.641207725649	18.8093246609622	138.718769374596	0.1476449522774603	0.671761595034363	1.34352319006873	0.0	0.0	0.0	0.0	0.0
778851_20180212_S	0.0	0.0	0.0	0.0	0.0	0.817849101766175	219.183559273335	0.0	1.63569820353235	1.115696624236724	0.0	15.5391329335573	2641.9696061925624	1.63569820353235	0.0	0.0	3.2713964070647	0.0	4.08924550883088	0.0	88.1400333147012	0.0	0.0	0.0	0.0	0.0	0.0	1.63569820353235	0.0	0.0	0.0	2.45354730529853	152.119932928509	67.3362427120818	0.817849101766175	0.0	36.8032095794779	218.774634722452	4.08924550883088	67.3362427120818	0.0	0.0	0.0	0.0	0.0	0.0	0.0	0.0
785991_20171129_S	0.7997642295051418	18.4289722824724	0.0	0.0	0.0	0.0	180.086623883107	0.0	0.0	0.7997642295051418	0.0	0.0	1478.7640603550074	0.0	0.0	0.0	0.96994590960381	0.0	0.0	0.0	17.59481304911312	0.0	0.0	0.0	0.0	0.0	0.0	0.0	0.0	0.96994590960381	0.0	0.0	0.0	3.2331530320127	0.0	0.0	0.0	327.033429188085	0.0	3.7181259868146	0.0	13.5792427344533	1.93989181920762	0.0	0.0	0.0	0.0	0.0
785991_20171206_S	0.6405241024415818	27.974012941235	0.0	0.0	0.0	0.0	160.917179204818	0.0	0.0	2.562096409766327	0.0	0.0	1693.2254648043215	0.0	0.0	0.0	0.0	0.0	0.0	0.0	13.130744100052429	0.0	0.0	0.0	0.0	0.0	0.0	0.0	0.0	1.59851502521343	0.0	0.0	1.59851502521343	3.99628756303357	0.0	0.0	0.0	311.044381989446	0.0	4.79554507564028	0.9607861536623726	6.39406010085371	0.0	0.0	0.0	0.0	0.0	0.0
785991_20171213_S	0.2425781987210307	1.12269261357209	0.0	0.748461742381396	0.0	0.561346306786047	222.854483794061	0.0	0.0	0.0	0.0	0.0	1887.0158078508975	0.0	0.0	0.0	0.0	0.0	0.0	0.7277345961630921	18.921099500240395	0.0	0.0	0.561346306786047	0.0	0.0	0.0	0.0	0.0	0.0	0.0	1.12269261357209	1.12269261357209	2.24538522714419	0.561346306786047	0.748461742381396	0.0	236.046122003533	0.0	2.24538522714419	0.7277345961630921	16.2790428967954	0.0	0.0	0.0	0.0	0.0	0.0
785991_20180215_S	1.837588422457903	264.97790388584	0.0	0.0	0.0	0.0	141.122317232434	0.0	0.996157533405415	18.37588422457903	0.0	0.0	4060.611016526352	0.0	0.0	0.0	2.98847260021625	0.0	0.0	0.0	5.053368161759233	0.0	0.0	0.0	0.0	0.0	0.0	0.0	0.0	31.8770410689733	0.0	0.996157533405415	11.953890400865	11.2897853785947	0.0	0.0	0.0	324.581329634598	0.0	27.2283059130813	2.2969855280723785	143.44668481038	3.98463013362166	0.0	0.0	0.0	0.0	0.0
785991_20180321_S	0.7807266691545823	0.679610427076688	0.0	0.679610427076688	0.0	1.01941564061503	274.336075729956	0.679610427076688	0.0	0.6245813353236659	0.0	2.37863649476841	1370.6437403677849	0.0	0.0	0.3122906676618329	4.75727298953682	0.0	0.0	0.4684360014927494	6.870394688560324	0.0	0.0	1.01941564061503	0.0	0.339805213538344	0.0	0.0	0.0	0.0	0.0	0.0	0.339805213538344	0.226536809025563	0.0	0.0	0.0	245.962340399505	0.339805213538344	0.226536809025563	0.4684360014927494	13.2524033279954	0.0	2.03883128123006	0.0	0.0	0.0	0.0
788707_20171213_S	0.0	141.995822280057	0.0	0.0	0.0	0.0	402.321496460161	0.0	0.0	105.12404637472216	0.0	0.0	4174.926413167537	0.0	0.0	0.0	70.9979111400283	0.0	0.0	0.0	0.0	0.0	0.0	0.0	0.0	0.0	0.0	0.0	0.0	35.4989555700142	0.0	0.0	0.0	47.3319407600189	0.0	0.0	70.9979111400283	609.398737285243	0.0	47.3319407600189	0.0	35.4989555700142	0.0	0.0	0.0	1.0	0.0	1.0
788707_20180129_S	1.8348024596627852	0.0	0.574597463540873	0.0	0.0	1.72379239062262	520.872600699802	0.0	0.0	0.0	1.72379239062262	0.0	2287.6317067075606	0.0	0.0	0.0	10.3427543437357	0.0	0.0	0.7339209838651141	25.68723443527899	0.0	0.0	1.72379239062262	0.0	0.430948097655655	0.0	0.0	0.0	0.0	0.0	7.75706575780179	34.4758478124524	0.718246829426091	0.0	0.0	10.3427543437357	231.993725904628	0.0	1.5801430247374	0.0	1.72379239062262	1.72379239062262	0.0	0.0	1.0	0.0	1.0
788707_20180301_S	0.0	0.0	0.0	0.0	0.0	0.0	198.358568262439	0.0	0.0	3.5973293426959825	0.0	0.0	1289.6425693565095	0.0	0.0	0.0	0.0	0.0	0.0	0.0	3.5973293426959825	0.0	0.0	0.0	0.0	0.0	0.0	0.0	0.0	0.0	0.0	0.0	4.37555665284791	8.75111330569583	0.0	0.0	17.5022266113917	239.197097022353	0.0	13.1266699585437	0.0	0.0	0.0	0.0	0.0	1.0	0.0	1.0
788707_20180308_S	1.229708276305612	5.50424081441482	0.0	5.50424081441482	0.0	5.50424081441482	360.069086609636	5.50424081441482	0.0	1.229708276305612	11.0084816288296	2.75212040720741	1802.1374789258743	0.0	0.0	2.459416552611224	8.25636122162224	0.0	1.37606020360371	0.614854138152806	7.993103795986477	0.0	0.0	2.75212040720741	0.0	0.0	2.75212040720741	4.12818061081112	0.0	5.50424081441482	0.0	0.0	2.75212040720741	19.2648428504519	0.0	0.0	2.75212040720741	821.966628285947	1.37606020360371	19.2648428504519	0.0	13.7606020360371	0.0	0.0	0.0	1.0	0.0	1.0
788707_20180313_S	0.5528735047536064	0.0	0.872752036216214	0.0	0.0	0.0	713.474789606755	0.0	0.0	0.0	1.30912805432432	0.0	2208.176777985904	2.61825610864864	0.0	0.0	0.0	0.0	0.0	0.5528735047536064	3.870114533275245	0.0	0.0	0.0	0.0	0.0	0.0	0.0	0.0	0.0	0.0	0.0	0.0	0.872752036216214	0.0	0.0	0.0	370.919615391891	0.0	0.872752036216214	0.0	44.5103538470269	0.0	0.0	0.0	1.0	0.0	1.0
788707_20181116_S	2.756841101192609	6.21946173332773	1.38210260740616	2.07315391110924	0.0	0.0	195.221993296121	0.0	2.07315391110924	1.83789406746174	0.0	10.3657695555462	3312.8040565997853	12.4389234666555	3.10973086666387	0.0	6.21946173332773	0.0	0.0	0.0	30.325252113118705	0.0	0.0	0.0	2.07315391110924	0.0	0.0	0.0	0.0	0.0	1.03657695555462	0.0	50.7922708221765	10.0202439036947	1.03657695555462	0.0	13.4755004222101	296.633772114548	0.0	9.50195542591737	0.9189470337308698	16.585231288874	3.10973086666387	2.07315391110924	1.0	1.0	0.0	1.0
788707_20181129_S	0.0	0.0	10.1215884734195	0.0	0.0	7.59119135506461	161.945415574712	15.1823827101292	0.0	0.0	0.0	0.0	2588.3257583039253	0.0	0.0	0.0	0.0	0.0	0.0	0.0	0.0	0.0	0.0	7.59119135506461	0.0	3.7955956775323	0.0	0.0	0.0	0.0	0.0	0.0	15.1823827101292	0.0	3.7955956775323	0.0	15.1823827101292	576.93054298491	0.0	15.1823827101292	0.0	22.7735740651938	0.0	0.0	0.0	0.0	0.0	0.0
802187_20180321_S	2.7114246045175383	0.0	4.90649488415699	0.387354859275552	0.0	0.774709718551103	258.882164282494	0.0	1.16206457782665	2.2030324911705	0.0	8.13445204478658	1285.554190616878	22.8539366972575	1.67853772352739	4.575529020123346	3.48619373347996	0.0	0.0	0.1694640377823461	33.72334351868689	0.5083921133470385	0.0	0.774709718551103	0.0	0.387354859275552	1.54941943710221	0.774709718551103	1.16206457782665	0.0	0.193677429637776	0.0	61.9767774840883	95.9348868139116	0.581032288913327	0.0	8.52180690406214	201.166290250436	0.0	93.4170802286205	0.3389280755646923	2.71148401492886	6.19767774840883	0.0	0.0	0.0	0.0	0.0
802971_20180605_S	0.0	0.0	2.62270017061227	0.0	0.0	7.86810051183682	313.412670388167	0.0	0.0	2.789341924506461	0.0	0.0	1112.947427878078	0.0	0.0	0.0	15.7362010236736	1.3946709622532305	0.0	5.578683849012921	11.157367698025842	0.0	0.0	7.86810051183682	0.0	0.0	0.0	0.0	0.0	0.0	0.0	0.0	15.7362010236736	62.9448040946945	0.0	0.0	0.0	182.277661857553	0.0	70.8129046065314	0.0	7.86810051183682	15.7362010236736	0.0	1.0	1.0		
810653_20180115_S	4.612991835975606	1.10911199102925	3.51218797159264	0.0	0.0	0.0	310.181653491181	0.0	0.0	5.826937055969188	0.0	28.282355771246	2506.068512154748	0.554555995514627	6.46981994767065	0.4855780879974323	0.0	0.0	0.0	0.0	106.82717935943508	0.0	0.0	0.0	0.0	0.0	0.0	0.0	0.554555995514627	0.0	0.554555995514627	3.88189196860239	244.559194021951	94.1820932382342	2.21822398205851	0.0	38.2643636905093	250.382031974854	0.0	93.0729812472049	0.0	2.21822398205851	6.1001159506609	0.0	0.0			
825012_20171123_S	2.196396090540467	2.10677494580297	1.63860273562453	0.0	0.0	0.0	581.001712831442	0.0	0.0	1.568854350386048	0.0	3.51129157633828	3124.216553358776	0.0	0.936344420356876	1.568854350386048	0.0	0.0	2.80903326107063	0.0	17.884939594400947	0.0	0.3137708700772096	0.0	0.0	0.0	0.0	0.0	0.0	0.0	0.0	0.0	32.3038825023122	16.5030704087899	0.0	0.0	4.21354989160594	295.767793780228	2.80903326107063	14.396295462987	0.3137708700772096	0.0	5.61806652214125	0.0	0.0			
825012_20171129_S	0.0	0.0	8.44797563121086	0.0	0.0	0.0	1237.62842997239	0.0	0.0	0.0	0.0	0.0	3247.373447946514	76.0317806808978	0.0	11.23658632507444	0.0	0.0	0.0	0.0	16.85487948761166	0.0	0.0	0.0	0.0	0.0	0.0	0.0	25.3439268936326	0.0	0.0	0.0	25.3439268936326	8.44797563121086	0.0	0.0	50.6878537872652	310.463104446999	0.0	8.44797563121086	0.0	25.3439268936326	25.3439268936326	0.0	0.0			
825012_20171206_S	1.921109632923977	0.0	0.47676344206261	0.0	0.0	0.0	127.295839030717	0.0	0.0	0.0	0.0	4.29087097856349	1739.2445876738404	0.0	0.0	0.3201849388206628	2.14543548928174	0.0	0.0	0.0	3.522034327027291	0.0	0.0	0.0	0.0	0.0	0.0	0.0	0.0	0.0	0.0	0.0	2.86058065237566	0.47676344206261	0.0	0.0	0.0	240.646347381102	0.0	0.834336023609567	1.2807397552826514	2.14543548928174	0.0	0.0	0.0			
825012_20181113_S	0.0	0.0	0.0	0.0	0.0	0.0	293.326729291543	0.0	0.0	0.0	0.0	0.0	2012.0169781158704	79.9981988976935	0.0	0.0	15.9996397795387	0.0	15.9996397795387	0.0	0.0	0.0	0.0	0.0	0.0	0.0	0.0	0.0	0.0	0.0	0.0	0.0	0.0	0.0	0.0	0.0	0.0	317.326188960851	15.9996397795387	0.0	0.0	31.9992795590774	0.0	0.0	0.0			
825012_20181120_S	0.0	46.6825283524114	0.0	11.6706320881028	0.0	0.0	194.510534801714	35.0118962643085	0.0	23.65646087517077	0.0	23.3412641762057	7025.968879925718	0.0	0.0	0.0	0.0	0.0	0.0	0.0	0.0	0.0	0.0	0.0	0.0	23.3412641762057	0.0	0.0	0.0	0.0	11.6706320881028	0.0	0.0	15.5608427841371	11.6706320881028	0.0	0.0	266.479432678348	23.3412641762057	15.5608427841371	0.0	23.3412641762057	0.0	23.3412641762057	0.0			
825012_20181126_S	0.0	0.0	0.0	0.0	0.0	0.0	400.351444725048	0.0	0.0	12.936777966079768	27.931496143608	0.0	4049.211503382968	0.0	0.0	0.0	0.0	0.0	0.0	0.0	0.0	0.0	0.0	0.0	0.0	0.0	0.0	0.0	0.0	0.0	0.0	0.0	0.0	0.0	0.0	0.0	0.0	193.192848326622	0.0	0.0	0.0	0.0	0.0	0.0	0.0			
848255_20190228_S	1.2195728763089675	0.0	0.543461660956914	0.0	0.0	0.0	260.499289485348	0.0	0.0	0.975658301047174	0.0	11.4126948800952	2673.5476594445186	1.63038498287074	0.0	0.0	3.26076996574149	0.0	0.0	0.2439145752617935	56.832096035997886	0.0	0.0	0.0	0.0	0.0	0.0	0.543461660956914	0.0	0.0	0.0	4.34769328765532	112.496563818081	25.1803902910037	0.543461660956914	0.0	16.8473114896643	221.732357670421	0.0	24.6369286300468	0.2439145752617935	0.0	0.0	0.0	0.0			
875028_20180115_S	2.8241002633799352	1.07163466973918	3.21490400921753	0.0	0.0	0.0	290.412995499317	0.0	0.0	2.8241002633799352	1.07163466973918	25.7192320737403	1761.369610421886	0.0	8.75168313620328	1.0861924089922828	0.0	0.0	0.0	0.0	82.76786156521196	0.0	0.0	0.0	0.0	0.0	0.0	0.0	0.0	0.0	0.0	1.60745200460877	205.753856589922	70.9064939810756	0.0	0.0	17.1461547158268	252.369964723576	0.535817334869589	67.6915899718581	0.0	0.535817334869589	2.14326933947836	0.0	0.0	1.0		
877469_20190115_S	13.549033953879087	27.396151382131	0.0	41.0942270731964	13.6980756910655	41.0942270731964	191.773059674917	82.1884541463929	0.0	27.09806790775817	54.7923027642619	0.0	10568.246484025687	82.1884541463929	0.0	67.74516976939543	82.1884541463929	0.0	0.0	0.0	20.323550930818637	0.0	0.0	13.6980756910655	0.0	13.6980756910655	0.0	13.6980756910655	27.396151382131	13.6980756910655	0.0	27.396151382131	0.0	68.4903784553274	0.0	0.0	27.396151382131	244.282349824001	0.0	95.8865298374583	0.0	136.980756910655	27.396151382131	0.0	0.0	0.0	0.0	0.0
892355_20180123_S	0.0	22.1465408131482	0.0	0.0	0.0	13.8415880082176	36.910901355247	0.0	0.0	6.604343676836256	0.0	5.53663520328705	5960.42016834472	0.0	18.4554506776235	9.906515515254382	49.8297168295834	0.0	0.0	0.0	3.302171838418128	0.0	0.0	13.8415880082176	0.0	5.53663520328705	0.0	0.0	0.0	0.0	0.0	0.0	0.0	3.6910901355247	0.0	0.0	0.0	32.2970386858411	33.2198112197223	3.6910901355247	0.0	22.1465408131482	0.0	0.0	0.0	0.0	0.0	0.0
895293_20180502_S	1.918410021773954	373.393827544799	3.78120331690935	25.9957728037518	14.1795124384101	101.147188727325	261.218129143155	96.4206845811885	12.2889107799554	22.253556252577862	135.178018579509	23.6325207306835	16982.53287675175	26.4684232183655	52.6217461603218	13.045188148062886	118.162603653417	1.5347280174191629	34.5034802667979	1.5347280174191629	17.265690195965583	1.918410021773954	11.126778126288931	93.5847820935065	49.1556431198216	18.9060165845468	19.8513174137741	15.1248132676374	28.3590248768202	0.0	50.1009439490489	37.8120331690935	38.7573339983209	112.01814826344	34.5034802667979	23.9476210070926	15.1248132676374	265.629533012882	85.5497250450741	122.41645738494	0.0	263.738931354427	98.3112862396432	68.0616597043684	1.0	1.0		
896213_20180427_S	15.980056889002524	127.004043163634	0.0	42.3346810545447	0.0	21.1673405272724	225.784965624239	84.6693621090894	0.0	7.990028444501262	105.836702636362	0.0	6631.723608936049	0.0	0.0	31.96011377800505	190.506064745451	0.0	21.1673405272724	0.0	31.96011377800505	0.0	0.0	21.1673405272724	0.0	21.1673405272724	0.0	0.0	42.3346810545447	0.0	0.0	0.0	127.004043163634	88.1972521969682	21.1673405272724	0.0	42.3346810545447	201.089735009087	21.1673405272724	88.1972521969682	0.0	63.5020215818171	0.0	0.0	0.0			
913873_20180417_S	0.0	96.7283812931453	0.0	96.7283812931453	0.0	0.0	257.942350115054	48.3641906465726	0.0	37.75009437523594	0.0	0.0	6587.391468478671	290.185143879436	16.1213968821909	0.0	290.185143879436	0.0	48.3641906465726	0.0	75.50018875047188	0.0	0.0	0.0	0.0	0.0	0.0	0.0	0.0	0.0	0.0	0.0	96.7283812931453	177.3353657041	0.0	0.0	0.0	161.213968821909	48.3641906465726	225.699556350672	0.0	0.0	0.0	0.0	0.0			
980574_20180403_S	1.307733149204506	82.2016399452992	2.81031247676237	5.26933589392944	6.32320307271533	40.5738863832567	224.122420021799	43.2085543302214	7.37707025150122	3.923199447613518	50.5856245817226	6.32320307271533	5529.96757693612	20.0234763969319	20.7260545161225	4.359110497348353	26.3466794696472	0.0	6.32320307271533	0.0	10.897776243370885	0.0	2.615466298409012	36.3584176681131	6.32320307271533	4.74240230453649	2.10773435757178	3.16160153635766	4.21546871514355	11.5925389666448	18.442675628753	1.05386717878589	16.8618748605742	26.5223239994448	16.3349412711813	5.62062495352474	13.7002733242165	250.117810431851	23.1850779332895	27.5761911782307	0.8718220994696706	86.4171086604428	0.0	10.5386717878589	1.0	1.0		
983493_20180123_S	30.64241829965221	5182.64249766229	58.8936647461623	237.7559058271	114.515459228649	1845.33482871309	2935.95824993832	817.967565918921	157.049772656433	217.05046295586985	1426.5354349626	353.361988476974	172455.53019044263	484.236799024001	501.686773763605	120.0161383403045	1020.82352226681	2.5535348583043507	81.7967565918921	20.428278866434805	135.33734749013058	7.6606045749130525	28.088883441347857	1563.95398603698	215.943437402595	301.012064258163	85.0686268555678	183.224734765838	268.293361621406	65.4374052735137	598.75225825265	235.574658984649	549.674204297515	1892.23163582577	690.36462563557	115.606082649874	143.96229160173	714.358340902525	500.59615034238	2078.72824085529	2.5535348583043507	2885.78957256195	0.0	372.993210059028	1.0	1.0		
