	Type III secretion system orphans	Trans-envelope signaling system VreARI in Pseudomonas	Acyclic terpene utilization	mag_3096	Adenylylsulfate reductase	Quorum sensing regulation in Pseudomonas	Rhamnolipids in Pseudomonas	Salmochelin-mediated Iron Acquisition	Sulfur transfer pathway CsdAEL	Stress proteins YciF, YciE	Outer membrane porins in Pseudomonas and Acinetobacter	tRNA modification, 5-oxyacetyl uridine (cmo5U34)	mag_2909	Phenazine biosynthesis	Type III secretion system	MexXY System of Pseudomonas aeruginosa	Siderophore Pyoverdine	Mycobacterial FadD proteins (fatty acid CoA- and AMP- ligases)	Two partner secretion pathway (TPS)	ABC-type iron transport system	Type 4 conjugative transfer system, IncI1 type	Mycobacterial gene cluster associated with resistance against FAS-II antibiotics	mag_457	Type VI secretion system	Type III secretion systems	Potential DNA repair cluster	Taurine and alkanesulfonate utilization as sulfur sources	L-2-amino-4-methoxy-trans-3-butenoic acid synthesis	mag_129	Lipotidae	Biogenesis of cbb3-type cytochrome c oxidases	Cytochrome c oxidase EC 1.9.3.1	Coenzyme PQQ synthesis	Capitellidae	IbrA and IbrB: co-activators of prophage gene expression	Pseudomonadaceae	Marinobacteraceae	Edwardsiidae	Acytosteliaceae	Sulfate assimilation related cluster	Aestuariirhabdaceae	Heme and heme d1 biosynthesis from siroheme	Cholera toxin	mag_167	Geothermobacteraceae	CMP-pseudaminic acid synthesis	Malonate decarboxylase	EnvZ and OmpR regulon	Onchocercidae	Extracellular matrix proteins (PEL) involved in glucose-rich biofilm formation in Pseudomonas	Beta-lactamases Ambler class D	Colwelliaceae	Extracellular matrix proteins (PSL) involved in mannose-rich biofilm formation in Pseudomonas	mag_118	mag_12	Pseudomonas Culture	N12M_Pseudomonas aeruginosa	N12M_mucoid	N12M_non_mucoid
1068841_20180306_S	0.0	2.37315376918081	2.37315376918081	0.0	34.4107296531217	0.0	0.0	0.0	207.057666361025	0.0	2.37315376918081	41.5301909606641	0.0	0.0	1.1865768845904	0.0	0.1977628140984	0.0	289.524759840058	34.4107296531217	2.37315376918081	0.0	0.0	75.3476321714906	1.1865768845904	289.129234211861	0.593288442295201	0.0	0.019005	0.0	3.95525628196801	4.54854472426321	0.0	0.0	0.0	3071.1942997340093	111.85130622111576	0.0	0.8085636594297524	34.4107296531217	0.0	8.50380100623122	0.0	0.0	0.0	0.0	205.475563848238	52.8026713642729	1.0780848792396698	1.1865768845904	0.0	2.6952121980991746	0.0	0.0	0.0	0.0	1.0		
1447437_20171212_S	53.4382583882852	254.507502985452	119.768236699036	0.9988	28.6944733758107	22.4565443810692	49.9034319579317	6.23792899474146	37.4275739684488	0.0	299.42059174759	16.2186153863278	0.3513	49.6955009914403	69.8648047411043	30.5658520742331	30.3579211077418	19.3375798836985	311.896449737073	14.9710295873795	2.49517159789658	7.48551479368975	1.904	560.789816627257	84.8358343284838	231.6350966714	145.96753847695	0.0	0.1086	8.262692608131633	155.532362935554	159.898913231873	29.942059174759	1.9067752172611463	27.4468875768624	23043.378500600957	24.7880778243949	12.076243042653925	3.8135504345222926	28.6944733758107	1.2711834781740974	3.32689546386211	22.4565443810692	4.89	0.0	2.49517159789658	190.880627239089	51.15101775688	34.95754564978768	89.826177524277	18.7137869842244	0.0	54.8937751537248	1.484	4.755	1.0	1.0	1.0	
1128691_20171206_S	1023.55658914378	7698.99754289728	4028.08376600038	232.3	416.698320620729	558.904890356375	1686.63605965533	446.462486379353	1051.66719013803	783.789698310419	10973.0557763459	545.676372241431	41.2	1832.14975891971	2902.00616146579	724.261366793172	1564.2722670921	709.379283913861	6637.40896417305	754.025532551796	277.79888041382	446.462486379353	304.3	11612.9853401563	3814.77391139692	4213.2830196096	3680.83516548311	381.973460569002	10.68	257.99516259070145	3755.24557987967	3904.06640867279	1269.9377390346	68.08205679476843	942.531915689745	498342.7394069695	419.2421392098898	343.99355012093525	21.499596882558453	2361.29048351747	14.3330645883723	89.2924972758706	932.610527103537	425.6	28.6661291767446	2430.74020362092	2734.99612026463	1726.32161400016	723.8197617128012	5317.8642822074	1091.35274448286	50.165726059303054	2847.43852424165	1885.0	819.5	1.0	1.0	1.0	
1128691_20171218_S	698.144619646664	5331.28618639271	3354.02345242838	107.7	248.988640573286	805.55148420769	1259.58959348839	219.69585932937	849.490656073564	893.429827939438	8839.09674035165	468.684499902656	19.99	1615.9850986227	2116.40344487293	732.3195310979	1454.87480178116	512.62367176853	5184.82228017313	629.794796744194	336.866984305034	424.745328036782	151.2	10633.2795915415	2541.14877290971	2602.1754005012	2878.01575721475	168.433492152517	5.605	265.2025978569373	3832.47221274568	3934.99694709938	673.733968610068	16.92782539512366	864.137046695522	431952.96321583545	445.7660687382563	293.4156401821434	33.85565079024732	1435.34628095188	16.92782539512366	39.0570416585547	395.452546792866	172.9	39.49825925528854	2270.19054640349	1716.06876787275	1288.8823747323	840.7486612911416	4086.34298352628	878.78343731748	33.85565079024732	2372.7152807572	1013.0	401.1	1.0	1.0	1.0	
1128691_20180116_S	1069.03044316707	8310.9274182108	4372.64822351858	262.5	296.818836364672	564.679737474253	1780.91301818803	289.579352550899	1404.45985987186	897.695992907787	12299.8829995994	651.553543239523	45.24	2321.46114294971	3496.67068205211	781.864251887427	1809.87095344312	658.793027053295	7123.65207275212	694.990446122158	173.747611530539	506.763866964073	421.2	14044.5985987186	4510.19841598025	3836.92642129941	3634.22087451378	354.734706874851	15.725	218.5110035898236	4167.52951546169	4355.75609461977	977.330314859284	72.83700119660787	752.906316632338	503787.5240622236	426.6167212944176	369.3876489256543	20.810571770459397	2555.53778626168	52.02642942614848	159.268643902995	752.906316632338	461.1	67.63435825399303	2881.31455788145	2444.53236778384	2244.23998226947	650.3303678268561	4879.41209048265	752.906316632338	52.02642942614848	3764.53158316169	2402.0	1116.0	1.0	1.0	1.0	
1162967_20180116_S	592.074998182544	5626.36632351122	2123.53155772734	23.07	138.922625271882	277.845250543764	1041.91968953911	138.922625271882	744.228349670796	451.498532133616	5834.75026141904	287.768295206041	9.696	1017.11207788342	1905.22457515724	451.498532133616	790.53589142809	267.922205881487	4911.90710782725	327.46047385515	59.5382679736637	545.767456425251	65.72	9506.27678646164	2718.91423746398	2933.91353847998	2446.03050925135	243.114594225793	2.9235	179.37425101709016	2308.76172475651	2492.33805100864	540.805934094112	22.89884055537321	615.228769061191	287681.9503705796	240.43782583141876	255.7037195350009	11.449420277686606	1220.53449346011	11.449420277686606	72.7689941900334	793.843572982183	53.12	45.79768111074642	0.0	1516.57199255138	922.843153591787	366.3814488859714	3016.60557733229	208.383937907823	30.53178740716428	1925.07066448179	34.9	172.6	1.0	1.0	1.0	
1590009_20171212_S	3.93298267442466	0.0	2.62198844961644	0.0	23.5978960465479	0.0	0.0	5.24397689923287	31.4638613953973	0.0	20.9759075969315	13.1099422480822	0.0	2.62198844961644	5.24397689923287	0.0	1.74799229974429	0.0	191.405156822	5.24397689923287	0.0	0.0	0.0	98.3245668606164	5.24397689923287	294.536702506913	13.1099422480822	0.0	0.0	0.0	10.4879537984657	13.1099422480822	3.93298267442466	0.0	34.0858498450137	2419.8629166661867	13.821206568298068	2.303534428049678	0.0	34.0858498450137	0.0	13.1099422480822	0.0	0.0	0.0	10.4879537984657	270.501808385429	34.0858498450137	2.303534428049678	0.0	0.0	1.151767214024839	0.0	0.4099	0.2138	0.0	1.0		
1282052_20180206_S	51.0576425555868	552.664482257095	193.53606401138	0.8552	22.7689487072212	18.9741239226843	54.8524673401237	22.7689487072212	54.8524673401237	0.0	499.364443237919	34.1534230608317	14.86	90.3858266862416	140.236024992203	20.699044279292	62.787100980519	30.0136142049733	300.136142049733	21.7339964932566	0.0	19.6640920653274	2.4	608.551901811184	175.424400266999	220.099837503138	287.716715482158	14.4893309955044	0.33525	7.477912833996663	106.600078038354	117.467076284982	66.2369416937343	4.601792513228716	42.4330407725485	32030.77678832848	34.51344384921536	13.805377539686146	1.150448128307179	99.3554125406014	0.5752240641535895	6.55469735510912	0.0	6.502	2.300896256614358	0.0	163.694941842067	74.5165594054511	25.885082886911523	220.444821574459	12.4194265675752	2.300896256614358	117.984552391964	1.35	5.584	1.0	1.0		
1316935_20180417_S	0.0	146.886694104364	46.8787321609671	0.7299	14.0636196482901	10.4174960357705	40.6282345395048	18.7514928643868	65.6302250253539	29.6898637019458	112.508957186321	18.7514928643868	1.18	42.1908589448704	57.8171029985261	15.6262440536557	31.2524881073114	7.81312202682785	212.516919129717	43.753483350236	34.3777369180425	9.37574643219342	1.132	610.986142497938	57.8171029985261	313.566630676691	106.258459564859	10.938370837559	7.278	13.689291414897784	93.7574643219342	98.4453375380309	9.37574643219342	0.0	12.5009952429246	12010.984287431314	45.17466166916268	4.106787424469334	0.0	42.1908589448704	0.0	4.16699841430819	0.0	2.054	0.0	0.0	256.791277281742	75.0059714575473	13.689291414897784	46.8787321609671	18.7514928643868	2.7378582829795564	34.3777369180425	2.337	2.623	1.0	1.0		
1651490_20171215_S	0.0	2.82581372359068	1.41290686179534	0.0	0.0	0.0	0.94193790786356	0.0	24.9613545583843	1.88387581572712	13.6580996640216	10.3613169864992	0.0	0.94193790786356	0.94193790786356	0.0	0.313979302621187	0.0	178.026264586213	4.7096895393178	0.0	0.0	0.04919	100.787356141401	0.94193790786356	49.2947505115263	108.793828358241	0.0	0.010445	0.0	0.313979302621187	0.784948256552967	0.94193790786356	0.0	0.0	4203.983410774677	18.71903559528613	0.5199732109801704	0.0	0.0	0.0	0.0	0.0	0.0242	0.0	0.0	82.812041066338	59.3420881954043	3.8997990823512776	0.0	0.0	0.5199732109801704	0.94193790786356	0.02923	0.04767	0.0	1.0	0.0	1.0
1447437_20171006_S	1.750780709593	21.009368515116	20.1339781603195	0.1045	17.50780709593	0.0	7.00312283837201	2.6261710643895	32.3894431274705	0.0	41.1433466754355	7.00312283837201	0.07192	2.6261710643895	14.006245676744	0.875390354796501	3.501561419186	0.875390354796501	109.423794349563	5.25234212877901	3.501561419186	0.0	0.2998	112.48766059135	15.757026386337	158.445654218167	54.2742019973831	0.0	0.015895	0.0	18.0914006657943	19.8421813753874	1.750780709593	0.8623306382626452	0.875390354796501	4810.942630867298	12.503794254808357	2.1558265956566127	1.2934959573939675	17.50780709593	0.0	0.583593569864334	0.0	0.4337	0.4311653191313226	5.25234212877901	214.908332102541	53.3988116425866	0.8623306382626452	12.255464967151	0.0	0.4311653191313226	3.501561419186	0.2439	0.4139	1.0	1.0		
1465461_20180406_S	0.0	72.6610995823604	9.68814661098138	0.05018	13.3212015900994	0.0	0.0	0.0	226.702630696964	0.968814661098138	42.6278450883181	9.20373928043231	0.0	1.45322199164721	1.93762932219628	1.93762932219628	1.29175288146418	0.0	331.334614095563	13.0789979248249	45.5342890716125	0.968814661098138	0.03449	117.226573992875	1.93762932219628	426.601389103547	4.35966597494162	0.484407330549069	0.2411	0.4274831480799487	4.52113508512465	7.18537540314452	2.42203665274535	0.0	23.7359591969044	2015.3693016229183	25.43524731075695	0.6412247221199231	1.0687078701998718	13.3212015900994	0.0	4.03672775457558	0.0	0.05804	0.4274831480799487	0.968814661098138	321.081325598941	36.3305497911802	0.8549662961598975	4.35966597494162	0.968814661098138	0.6412247221199231	1.93762932219628	0.0	0.11	1.0	1.0		
1470026_20180502_S	0.0	0.0	0.0	0.0	0.0	0.0	0.0	0.0	8.04010996458404	0.0	22.1103024026061	0.0	0.0	0.0	2.01002749114601	0.0	0.0	0.0	78.3910721546944	0.0	0.0	0.0	0.0	42.2105773140662	2.01002749114601	170.852336747411	6.03008247343803	0.0	0.0	0.0	0.0	6.03008247343803	0.0	0.0	20.1002749114601	404.3022143381549	3.917657115679796	0.0	0.0	0.0	0.0	1.34001832743067	0.0	0.0	0.0	0.0	209.7128682429	8.04010996458404	2.3505942694078774	0.0	0.0	0.0	0.0	0.0	0.0	0.0	0.0	0.0	0.0
1565754_20171128_S	15.3554282216282	122.843425773026	40.9478085910086	8.882	12.2843425773026	6.82463476516809	14.331733006853	18.4265138659539	321.440297439417	28.663466013706	235.449899398299	51.1847607387607	0.3219	26.2748438458972	67.5638841751641	17.4028186511786	30.7108564432564	10.2369521477521	337.819420875821	36.8530277319077	16.3791234364034	0.0	6.174	573.26932027412	71.658665034265	288.68205056661	85.990398041118	4.09478085910086	0.030205	3.799771063793407	413.572866769186	370.577667748628	27.6397707989308	0.0	30.7108564432564	13977.457858164044	86.44479170129999	7.599542127586814	1.8998855318967036	40.9478085910086	0.9499427659483516	0.0	26.6160755841556	1.587	0.9499427659483516	24.5686851546051	209.51628729066	49.1373703092103	21.848683616812085	77.8008363229163	8.18956171820171	8.549484893535164	63.4691033160633	2.392	3.463	1.0	1.0	1.0	
1565754_20180403_S	88.8008532130969	888.008532130969	418.632593718885	40.12	50.7433446931982	65.543486895381	152.230034079595	44.4004266065484	133.201279819645	82.4579351264471	1271.75507637328	25.3716723465991	5.125	189.230389585052	313.974445289164	38.0575085198987	186.058930541727	79.2864760831222	1167.09692794356	69.7720989531475	6.34291808664978	50.7433446931982	30.51	1579.38660357579	358.374871895712	814.007821120055	234.687969206042	38.0575085198987	0.834	14.12676796501082	431.318429892185	431.318429892185	79.2864760831222	0.0	38.0575085198987	57987.557142776415	62.15777904604761	42.38030389503246	2.8253535930021645	272.74547772594	0.0	8.45722411553304	69.7720989531475	7.929	5.650707186004329	12.6858361732996	359.432024910154	196.630460686143	79.1099006040606	513.776365018632	114.172525559696	5.650707186004329	272.74547772594	5.834	18.18	1.0	1.0	1.0	
1586713_20180309_S	0.0	0.0	0.376297937597734	0.0	0.0	0.0	0.0	0.0	0.0	0.0	0.0	0.0	0.0	0.0	0.0	0.0	0.0	0.0	14.2993216287139	0.0	0.0	0.0	0.0	3.19853246958074	0.0	25.0865291731823	0.0	0.0	0.00883	0.0	0.376297937597734	0.376297937597734	0.0	0.0	0.0	5851.892153242306	0.5328783262931225	0.3552522175287483	0.5328783262931225	0.0	0.0	0.0	0.0	0.0	0.0	0.0	249.924546887829	0.752595875195469	0.5328783262931225	1.50519175039094	0.752595875195469	4.973531045402477	0.0	0.0	0.0	0.0	1.0		
1593967_20180424_S	50.1020120765072	345.479545960393	118.898804778577	19.61	13.4602420504049	20.9381543006299	47.1108471764173	22.4337367506749	170.496399305129	22.4337367506749	435.214492963093	40.3807261512148	2.068	65.8056278019797	117.777117941043	23.5554235882086	99.456232927992	19.0686762380736	513.732571590455	33.6506051260123	13.4602420504049	33.6506051260123	16.92	1014.0049011305	126.750612641313	278.178335708369	159.279530929792	8.97349470026995	0.4075	11.904761904761903	292.386368983796	292.386368983796	52.719281364086	0.0	15.7036157254724	25366.071428571428	94.24603174603176	13.88888888888889	1.984126984126984	71.7879576021596	0.0	6.73012102520246	13.4602420504049	3.531	0.0	6.73012102520246	315.567896959493	85.2481996525646	32.73809523809524	139.089167854184	22.4337367506749	6.944444444444445	62.8144629018897	4.244	7.45	1.0	1.0	0.0	0.0
1593973_20180427_S	7.16881812349989	67.408289817984	30.815218202507	0.1777	5.13586970041783	2.56793485020892	8.9877719757312	3.85190227531337	14.7656253887013	4.4938859878656	50.7167132916261	5.13586970041783	0.2066	17.868546666037	23.1114136518802	4.81487784414172	6.63383169637303	6.41983712552229	283.756800948085	4.4938859878656	1.28396742510446	5.13586970041783	0.1425	170.767667538893	26.3213322146414	279.690904101921	33.0621611964398	3.53091041903726	1.9705	1.126799287186771	27.926291496022	28.8892670648503	8.66678011945509	0.0	7.06182083807452	5760.47965592057	10.14119358468094	1.9718987525768488	2.535298396170235	12.8396742510446	0.0	1.06997285425371	0.0	1.079	0.5633996435933855	1.28396742510446	321.09885356154	105.285328858566	6.479095901323933	47.5067947288649	1.28396742510446	2.535298396170235	24.3953810769847	0.555	1.018	1.0	1.0	0.0	0.0
1593973_20180504_S	13.2017584549064	93.0562974016574	35.0973578435317	0.4313	7.56686155342197	3.32727245611462	17.3876818674377	3.21994108656254	9.65982325968762	5.31290279282819	87.421400500173	4.50791752118756	0.2678	20.3929602148961	32.5214049742817	12.2357761289377	14.2750721504273	3.86392930387505	238.91962862294	11.5917879116251	2.89794697790629	9.01583504237511	0.3747	148.278287036205	37.6733107127817	125.041045528179	44.9181781575474	3.70293224954692	2.3015	2.379612786432876	40.7322547450161	42.9862135056099	13.5237525635627	0.594903196608219	17.0656877587815	8833.122663238833	8.179918953363009	3.866870777953423	0.8923547949123283	27.2085021814535	0.2974515983041095	0.858650956416678	0.0	1.176	0.594903196608219	1.28797643462502	373.03017487827	99.1741854661262	11.00570913725205	47.6551280811256	4.82991162984381	3.123241782193149	40.571257690688	0.4707	1.29	1.0	1.0	0.0	0.0
1588281_20180508_S	4.21768778756954	42.1768778756954	25.3061267254173	0.1467	16.8707511502782	0.937263952793232	11.2471674335188	4.21768778756954	18.276647079468	2.8117918583797	59.0476290259736	2.8117918583797	0.0	7.96674359874247	15.4648552210883	2.8117918583797	7.96674359874247	3.51473982297462	320.544271855285	14.0589592918985	2.8117918583797	4.21768778756954	0.4206	875.873163885275	18.276647079468	398.80581191352	22.4943348670376	2.8117918583797	0.5005	2.5333066491699623	171.284987372963	169.879091443773	12.6530633627086	3.799959973754943	2.8117918583797	5402.276429354944	8.866573272094866	1.2666533245849811	0.6333266622924906	22.4943348670376	0.0	3.74905581117293	0.0	0.3022	1.2666533245849811	8.43537557513909	242.28273179705	104.036298760049	5.066613298339925	7.02947964594924	5.62358371675939	3.799959973754943	26.7120226546071	1.152	1.188	1.0	1.0		
1651490_20171010_S	0.0	0.0	51.34111550553	0.0	25.670557752765	0.0	0.0	0.0	0.0	0.0	282.376135280415	0.0	0.0	0.0	77.011673258295	0.0	0.0	0.0	718.77561707742	51.34111550553	0.0	0.0	1.35	295.211414156798	77.011673258295	239.59187235914	102.68223101106	0.0	0.0	0.0	154.02334651659	154.02334651659	0.0	0.0	0.0	10096.014667567308	0.0	0.0	0.0	77.011673258295	0.0	17.11370516851	0.0	0.0	0.0	0.0	149.744920224463	410.72892404424	48.24857666698833	0.0	0.0	0.0	51.34111550553	1.295	1.554	0.0	1.0	0.0	1.0
1651490_20180206_S	0.0	19.1460703701053	0.0	0.0	0.0	0.0	0.0	0.0	134.022492590737	0.0	12.7640469134035	6.38202345670177	0.0	12.7640469134035	25.5280938268071	0.0	0.0	0.0	255.280938268071	12.7640469134035	0.0	0.0	0.4603	510.561876536142	25.5280938268071	95.7303518505266	140.404516047439	0.0	0.0	0.0	13.8277174895205	13.8277174895205	0.0	0.0	0.0	6692.664418212478	28.10567734682406	0.0	0.0	0.0	0.0	0.0	0.0	0.0	0.0	0.0	65.9475757192516	25.5280938268071	24.592467678471053	12.7640469134035	0.0	0.0	31.9101172835089	0.8988	0.3435	0.0	1.0	0.0	1.0
1658447_20171006_S	3.12132440246871	18.7279464148123	16.3869531129608	0.9409	0.0	0.520220733744786	1.56066220123436	0.0	17.1672842135779	0.780331100617179	42.1378794333277	4.68198660370307	0.1936	5.98253843806504	6.24264880493743	0.780331100617179	3.38143476934111	2.34099330185154	171.672842135779	0.0	1.56066220123436	0.0	0.6239	147.092412466338	6.24264880493743	211.469728267255	7.02297990555461	3.12132440246871	0.018935	0.0	8.58364210678897	8.58364210678897	3.90165550308589	0.0	7.02297990555461	3530.3464886419283	8.566203187484206	0.7138502656236839	1.0707753984355255	9.36397320740615	0.0	0.0	1.56066220123436	0.09681	0.0	0.0	278.968368470641	109.246354086405	1.4277005312473678	15.6066220123436	1.56066220123436	2.855401062494736	5.46231770432025	0.1385	0.3653	1.0	1.0	1.0	0.0
1664053_20180406_S	26.5476310889331	135.511788543509	104.605591156393	0.7073	7.13219939702679	6.33973279735715	14.2643987940536	4.75479959801786	19.0191983920714	7.13219939702679	194.946783518732	19.0191983920714	0.2673	42.7931963821607	34.4722970856295	13.0756988945491	28.5287975881072	9.50959919603572	437.441563017643	26.1513977890982	0.0	4.75479959801786	5.18	402.969265932014	43.9818962816652	367.704502246715	83.2089929653126	2.37739979900893	0.038935	7.921301865961671	46.755529380509	56.2651285765447	17.830498492567	1.9803254664904175	28.5287975881072	9610.519488877995	4.950813666226044	9.901627332452088	1.9803254664904175	35.660996985134	0.0	4.75479959801786	23.7739979900893	1.171	2.9704881997356263	0.0	175.531351826826	66.56719437225	8.91146459920688	64.1897945732411	0.0	1.9803254664904175	23.7739979900893	1.586	3.287	1.0	1.0	1.0	
1690154_20180406_S	1.0352021705843	9.31681953525874	42.4432889939565	0.1394	0.0	0.0	6.21121302350582	0.0	4.14080868233722	0.0	39.3376824822036	0.0	0.2292	1.0352021705843	7.24641519409013	1.0352021705843	0.0	0.0	272.258170863672	1.0352021705843	0.0	2.07040434116861	0.0444	53.8305128703838	7.24641519409013	191.857468948291	10.352021705843	0.0	0.0	0.0	8.45415105977182	8.45415105977182	1.0352021705843	1.31110514801066	2.07040434116861	2652.3657144255653	3.059245345358207	0.4370350493368867	0.0	2.07040434116861	0.0	1.0352021705843	0.0	0.3169	1.7481401973475468	2.07040434116861	167.185150549365	12.4224260470116	2.1851752466844334	10.352021705843	0.0	2.6222102960213203	4.14080868233722	0.03179	0.2422	1.0	1.0		
1085876_20180227_S	0.600103144013833	0.0	6.60113458415216	0.0	2.70046414806225	0.0	0.0	7.201237728166	98.4169156182686	0.0	2.40041257605533	7.80134087217983	0.0	1.8003094320415	0.600103144013833	0.0	0.0	1.20020628802767	496.885403243454	7.201237728166	0.600103144013833	0.0	0.0	1542.86518325956	0.600103144013833	178.230633772108	0.0	0.300051572006917	0.0	0.0	317.25452880198	271.346638284921	5.10087672411758	1.1340234243878542	0.0	2278.253059595199	32.31966759505384	5.386611265842308	0.5670117121939271	2.70046414806225	0.0	0.800137525351777	0.0	0.0	0.0	1.20020628802767	251.543234532465	90.6155747460888	7.371152258521052	0.600103144013833	0.0	7.371152258521052	0.0	0.0	0.03138	1.0	1.0	1.0	
1834617_20180501_S	0.0	1.75550274771082	3.51100549542164	0.0	0.0	0.0	0.0	0.0	5.26650824313245	0.0	13.1662706078311	0.0	0.0	0.0	0.0	0.0	0.0	0.0	90.4083915071071	0.0	0.0	0.0	0.0	7.89976236469868	0.0	189.301712961483	49.1540769359029	0.0	0.0	0.423674059072874	1.46291895642568	2.34067033028109	0.877751373855409	0.0	1.75550274771082	2443.751972732337	6.355110886093112	0.8473481181457481	0.423674059072874	0.0	0.0	0.0	0.0	0.0	0.0	0.0	384.747685539954	50.0318283097583	0.0	0.0	0.0	0.423674059072874	0.0	0.0	0.0	0.0	0.0	0.0	0.0
1845116_20180403_S	0.0	60.653588305331	9.5473240850984	0.0	3.93125109386405	0.0	0.0	1.12321459824687	172.975048130018	0.0	2.24642919649374	13.4785751789625	0.0	0.561607299123436	0.0	0.0	2.62083406257603	0.0	341.457237867049	4.49285839298748	24.7107211614312	0.0	0.0	283.050078758212	0.0	222.022085586798	2.24642919649374	0.0	0.0047125	0.0	52.3230800350001	44.7413814968337	0.0	0.0	2.24642919649374	1346.3600078333675	24.73163650752952	1.7665454648235372	2.5236363783193387	3.93125109386405	0.0	2.62083406257603	0.0	0.0	1.5141818269916034	1.68482189737031	232.0374157545	62.9000175018248	1.2618181891596694	0.0	0.0	2.2712727404874054	0.0	0.0	0.0	0.0	0.0	0.0	0.0
1862551_20180123_S	4.14834669519096	0.0	20.7417334759548	0.0	0.0	0.0	0.0	0.0	0.0	0.0	8.29669339038192	0.0	0.0	0.0	0.0	0.0	0.0	0.0	66.3735471230553	0.0	0.0	0.0	0.0	24.8900801711458	0.0	106.474231843235	8.29669339038192	0.0	0.0	0.0	8.29669339038192	8.29669339038192	0.0	0.0	0.0	859.8494286398256	0.0	0.0	0.0	0.0	0.0	2.76556446346064	0.0	0.0	0.0	0.0	230.924632698963	8.29669339038192	0.0	0.0	0.0	0.0	0.0	0.0	0.0	0.0	0.0	0.0	0.0
623361_20180123_S	3.1466344699032	11.5376597229784	20.977563132688	0.3245	47.7239561268652	1.39850420884587	6.29326893980641	2.0977563132688	47.199517048548	3.1466344699032	33.5641010123008	6.29326893980641	0.01431	5.59401683538347	7.34214709644081	2.622195391586	6.29326893980641	0.0	1091.88216105641	13.6354160362472	0.0	6.29326893980641	0.0	246.486366809084	8.39102525307521	205.929744752554	10.488781566344	1.0488781566344	0.0	0.9437020392929218	45.9758258658079	42.3047523175875	1.0488781566344	0.0	4.1955126265376	3648.823934926082	20.76144486444428	3.3029571375252265	0.0	54.0172250666716	0.0	0.699252104422934	0.0	0.4532	0.0	2.0977563132688	191.070637533567	25.1730757592256	3.774808157171688	14.6842941928816	0.0	12.268126510807985	10.488781566344	0.3762	0.5876	1.0	1.0	1.0	
634207_20180510_S	1.26378128505888	0.0	5.95782605813471	0.0	0.0	0.722160734319358	0.0	0.0	1.62486165221856	0.0	5.41620550739519	1.62486165221856	0.0	0.0	0.812430826109278	0.0	0.361080367159679	0.0	365.052251198436	6.49944660887422	0.0	0.0	0.0	14.623754869967	0.812430826109278	312.695597960282	0.270810275369759	0.0	0.0	0.0	0.541620550739519	0.541620550739519	0.541620550739519	0.0	0.0	609.6715639540396	8.534940547218866	3.6907851015000506	1.1533703442187655	0.0	0.0	0.361080367159679	0.0	0.0183	0.0	1.08324110147904	174.040736970965	198.233121570664	0.0	0.0	0.0	4.152133239187556	0.541620550739519	0.0	0.0	0.0	0.0	0.0	0.0
634207_20180517_S	0.0	0.0	19.4715841531491	0.0	0.885072006961322	0.0	0.0	0.0	0.0	0.0	5.31043204176793	0.0	0.0	0.0	0.885072006961322	0.0	0.0	0.0	351.373586763645	0.885072006961322	0.0	0.0	0.0	47.7938883759114	0.885072006961322	295.319026322761	1.77014401392264	0.0	0.0	0.0	3.24526402552485	3.24526402552485	0.0	0.0	0.0	798.7521733331104	5.055393502108293	3.4998878091518955	4.277640655630094	0.885072006961322	0.0	0.0	0.0	0.0	0.0	1.77014401392264	165.803489304088	40.7133123202208	0.3888764232390995	0.0	1.77014401392264	2.722134962673697	1.77014401392264	0.0	0.0	0.0	0.0	0.0	0.0
639354_20171206_S	598.045133521293	1247.17512380876	1976.45549281558	41.42	248.378096690728	251.90119026081	871.96565859511	253.66273704585	708.141807586332	475.617631960969	6148.67905318431	280.08593882146	1.216	1102.72828743543	1632.95386973266	303.866820419508	905.435047510882	335.574662550239	6050.91320661455	465.048351250725	285.370579176582	364.64018450341	307.4	7435.48897965649	2039.87117707705	2238.92596378664	2182.55646666534	155.896890476095	1.8305	164.87837049438147	1955.3169313951	2055.72509814241	642.083803147308	29.593553678478724	454.479070540482	281081.6866634537	240.97607995332675	245.2037304788237	21.138252627484803	1220.75192203315	6.34147578824544	91.6004328221126	470.332991605847	61.04	21.138252627484803	0.0	1358.15257126632	1009.36630782828	353.0088188789962	2785.00546714923	253.66273704585	31.7073789412272	1474.414659079	55.18	190.2	1.0	1.0		
642660_20180601_S	0.0	0.0	0.0	0.0	4.70999363646221	1.04666525254716	0.0	0.0	6.27999151528295	0.0	6.27999151528295	0.0	0.0	1.04666525254716	0.0	0.0	0.0	1.56999787882074	150.719796366791	0.0	0.0	1.56999787882074	0.0	73.7899003045747	0.0	83.7332202037727	6.27999151528295	1.56999787882074	0.0	0.0	10.9899851517452	14.1299809093866	0.0	0.0	0.0	5014.825661271843	3.587142819221633	4.30457138306596	0.0	4.70999363646221	0.0	2.09333050509432	0.0	0.0	0.0	0.0	241.25634071212	50.2399321222636	4.30457138306596	6.27999151528295	0.0	2.8697142553773065	0.0	0.1873	0.05673	0.0	1.0	0.0	0.0
650003_20180207_S	12.922647067953	5.46027340899423	19.6569842723792	0.4086	3.27616404539654	1.09205468179885	4.36821872719538	2.18410936359769	12.0126014997873	0.0	55.6947887717411	2.18410936359769	1.87	11.1025559316216	8.19041011349134	3.27616404539654	6.91634631805936	6.55232809079308	128.862452452264	4.36821872719538	4.36821872719538	0.0	0.5685	70.4375269760256	8.19041011349134	112.117613998015	84.6342378394106	2.73013670449711	0.1978	0.3490888170968343	28.39342172677	234.245729245852	6.00630074989365	1.3963552683873373	2.18410936359769	1694.302573779485	1.3963552683873373	1.22181085983892	1.22181085983892	7.64438277259192	0.0	1.45607290906513	4.36821872719538	0.811	0.3490888170968343	2.18410936359769	193.111669564763	19.6569842723792	6.1090542991946	37.1298591811608	4.36821872719538	0.0	10.9205468179885	0.1692	1.871	1.0	1.0		
650003_20180213_S	0.0	0.0	0.996370329643073	0.0	0.0	0.0	0.0	0.0	1.99274065928615	0.0	0.0	0.0	0.0	0.0	0.0	0.0	0.332123443214358	0.0	56.7931087896552	0.0	0.0	0.0	0.0	17.4364807687538	0.0	34.2087146510788	9.46551813160919	0.0	0.0	0.0	2.65698754571486	35.5372084239363	0.0	0.0	0.0	1198.7985234771932	1.5752937233603064	0.3938234308400766	1.5752937233603064	0.0	0.0	0.664246886428715	0.0	0.0	0.0	0.0	211.728695049153	21.9201472521476	2.3629405850404592	0.0	0.0	0.0	0.0	0.0	0.0	0.0	1.0		
715927_20180226_S	0.0	0.0	45.7664717899194	0.0	0.0	0.0	0.0	0.0	0.0	0.0	10.7265168257624	0.0	0.0	0.0	0.0	0.0	0.0	0.0	170.194066968763	0.0	0.0	0.0	0.0	160.182651264718	0.0	167.810396563038	2.86040448686996	0.0	0.0	0.3105310391300162	1.19183520286248	1.90693632457997	0.0	2.48424831304013	0.0	980.0359594943312	7.763275978250406	0.6210620782600325	0.9315931173900488	0.0	0.0	0.0	0.0	0.0	0.0	0.0	190.097714856566	118.706786205103	0.0	0.0	0.0	1.5526551956500811	0.0	0.0	0.0	0.0	0.0	0.0	0.0
658355_20170925_S	11.2706451552093	33.8119354656278	0.0	0.0	0.0	0.0	0.0	0.0	0.0	5.63532257760463	22.5412903104185	0.0	0.0	0.0	5.63532257760463	0.0	3.75688171840309	5.63532257760463	61.988548353651	0.0	11.2706451552093	11.2706451552093	0.0	61.988548353651	5.63532257760463	820.878655471075	22.5412903104185	0.0	0.0	4.3115249216919285	22.5412903104185	50.7179031984417	0.0	0.0	56.3532257760463	2459.724967825245	17.246099686767714	0.0	2.155762460845964	0.0	0.0	0.0	0.0	0.0	0.0	33.8119354656278	216.020698808178	101.435806396883	4.3115249216919285	0.0	0.0	0.0	11.2706451552093	0.0	0.0	0.0	1.0	0.0	0.0
658355_20171204_S	0.470201232021265	0.705301848031897	4.93711293622328	0.0	0.0	0.117550308005316	0.0	8.46362217638276	199.600422993027	0.0	6.34771663228707	35.6177433256108	0.0	0.0	0.0	0.0	0.0	0.0	306.806303893875	32.4438850094673	0.0	0.0	0.0	20.630079054933	0.0	252.262960979408	1.41060369606379	0.0	0.0	0.1631138565710498	334.959602661148	301.810415803649	6.34771663228707	0.1631138565710498	3.52650924015949	2268.913744903304	94.27980909806682	0.4893415697131495	0.3262277131420997	0.0	0.0	0.235100616010632	0.0	0.0	0.0	2.11590554409569	248.677676585246	77.2305523594927	5.872098836557796	0.0	0.0	7.666351258839344	0.0	0.0	0.004258	0.0	1.0	0.0	0.0
658355_20180122_S	0.0	0.0	3.42376916609171	0.0	0.0	0.0	0.0	0.0	36.8055185354858	0.0	1.71188458304585	10.2713074982751	0.0	0.0	0.0	0.0	0.0	0.0	62.4837872811736	8.55942291522926	0.0	0.0	0.0	14.1230478101283	0.0	133.812311574751	1.71188458304585	0.0	0.0	0.0	8.84473701240357	9.7006793039265	0.855942291522926	0.0	72.7550947794487	3069.662137654775	23.143169632650064	0.0	0.7980403321603471	0.0	0.0	0.0	0.0	0.02111	0.0	0.0	270.763078218419	35.09363395244	4.389221826881909	0.0	0.0	0.7980403321603471	0.0	0.0	0.0	0.0	1.0	0.0	0.0
658355_20180327_S	0.0	0.0	0.0	0.0	0.0	0.0	0.0	0.0	0.0	0.0	0.0	0.0	0.0	0.0	0.0	0.0	6.21694577205933	0.0	41.2982826286798	0.0	0.0	0.0	0.0	31.3067626378702	0.0	476.92855422798	2.66440533088257	0.0	0.0	0.0	25.3118506433844	30.6406613051495	0.0	0.0	0.0	3357.071433797527	0.6097114845255226	1.2194229690510452	0.0	0.0	0.0	5.77287821691223	0.0	0.0	0.0	0.0	236.243939338254	0.0	2.4388459381020904	0.0	0.0	0.6097114845255226	0.0	0.0	0.0	0.0	1.0	0.0	0.0
658355_20180321_S	0.0	1.2299207926617	1.2299207926617	0.0	0.614960396330852	0.0	0.0	0.0	1.2299207926617	0.0	1.2299207926617	0.0	0.01344	0.0	1.2299207926617	0.307480198165426	0.0	0.0	11.0692871339553	0.0	0.0	0.0	0.0	25.2133762495649	1.2299207926617	188.382868076018	3.68976237798511	0.0	0.02111	0.0	4.09973597553901	5.32965676820071	0.0	0.2650799335285558	0.0	2550.8642003452933	0.5301598670571117	0.0	0.0	0.614960396330852	0.0	0.0	0.0	0.0	0.0	0.0	270.685067784963	3.68976237798511	0.5301598670571117	0.0	0.0	2.650799335285559	0.0	0.06455	0.04212	1.0	1.0	0.0	0.0
670829_20170922_S	0.0	0.0	14.7323649924654	0.0	0.0	0.0	0.0	0.0	1.4030823802348	0.0	2.8061647604696	0.0	0.0	0.0	2.1046235703522	0.0	0.0	0.0	123.471249460662	0.0	1.4030823802348	0.0	0.0	51.5632774736289	2.1046235703522	144.283638100812	7.7169530912914	0.0	0.0	0.0	15.6677532459553	21.6308533619532	0.0	0.2864464428221391	0.0	532.5039372063566	3.1509108710435303	0.8593393284664174	1.1457857712885564	0.0	0.0	0.467694126744934	0.0	0.0	0.0	0.0	202.277709817184	2.8061647604696	0.0	0.0	1.4030823802348	1.4322322141106956	0.0	0.0	0.0	0.0	0.0	0.0	0.0
670829_20171001_S	0.0	0.0	0.0	0.0	0.0	2.09249747585018	0.0	0.0	18.8324772826516	0.0	25.1099697102021	0.0	0.0	2.09249747585018	4.7081193206629	0.0	0.0	0.0	464.534439638739	0.0	0.0	0.0	0.0	43.9424469928537	4.7081193206629	215.527240012568	9.4162386413258	0.0	0.0	0.0	13.6012335930262	13.6012335930262	0.0	0.0	59.6361780617301	1899.2355980238267	10.76054163186304	2.69013540796576	0.0	0.0	0.0	5.23124368962544	0.0	0.0	0.0	6.27749242755053	240.63720972277	47.081193206629	2.69013540796576	0.0	0.0	0.0	0.0	0.0	0.0	0.0	0.0	0.0	0.0
670829_20171005_S	0.0	1.91454790582567	1.91454790582567	0.0	0.0	0.0	0.0	0.0	6.70091767038983	0.0	11.487287434954	0.0	0.0	0.0	0.957273952912833	0.0	0.0	0.0	256.549419380639	1.91454790582567	1.91454790582567	1.91454790582567	0.0	20.1027530111695	0.957273952912833	348.766810177909	8.6154655762155	0.0	0.0	0.0	4.78636976456417	5.743643717477	0.957273952912833	0.0	22.0173009169952	2261.917751946443	3.423258043051749	0.4279072553814686	0.0	0.0	0.0	2.8718218587385	0.0	0.0	0.0	0.0	227.352563816798	31.5900404461235	2.567443532288812	0.0	0.0	3.851165298433217	1.91454790582567	0.0	0.0	0.0	0.0	0.0	0.0
670829_20180201_S	0.0	2.67297699681821	10.6919079872728	0.0	1.3364884984091	0.0	0.0	0.0	0.0	2.67297699681821	2.67297699681821	5.34595399363642	0.0	0.0	0.0	0.0	2.67297699681821	0.0	5.34595399363642	0.0	0.0	1.3364884984091	0.0	18.0425947285229	0.0	130.08488051182	322.093728116594	0.0	0.0	4.13483133678408	8.01893099045463	10.6919079872728	3.34122124602276	0.0	2.67297699681821	2779.984935431163	12.40449401035224	5.513108449045439	2.7565542245227195	1.3364884984091	0.0	0.890992332272737	0.0	0.06775	0.0	2.67297699681821	204.037244090457	338.131590097504	0.0	2.67297699681821	0.0	1.3782771122613595	1.3364884984091	0.0	0.0	0.0	1.0	0.0	1.0
673895_20180122_S	0.0	0.0	0.0	0.0	0.0	0.0	0.0	0.0	330.604381866805	470.475466502761	10.1724425189786	0.0	0.0	0.0	144.957305895445	0.0	113.592274795261	0.0	50.8622125948931	218.70751415804	0.0	0.0	2.142	2868.62879035197	144.957305895445	89.8565755843111	1388.53840384058	5.08622125948931	0.0	0.0	8.47703543248218	275.503651555671	195.819518490338	0.0	0.0	4477.302815929045	42.64097919932424	22.33575100916984	6.09156845704632	0.0	0.0	0.0	0.0	0.4837	0.0	518.794568467909	484.038723194732	50.8622125948931	64.97673020849408	0.0	10.1724425189786	4.06104563803088	0.0	0.0	2.024	0.0	0.0	0.0	1.0
673895_20180205_S	4.49134185984106	0.0	3.3685063948808	0.0	3.3685063948808	4.49134185984106	0.0	0.0	33.685063948808	0.0	26.9480511590464	0.0	0.0	0.0	11.7897723820828	0.0	6.73701278976159	3.3685063948808	13.4740255795232	13.4740255795232	0.0	0.0	0.3632	129.687496202911	18.5267851718444	159.442636024358	16.842531974404	0.0	0.0	0.0	8.98268371968212	19.0882029043245	15.1582787769636	0.0	0.0	3929.303671342071	0.0	0.0	0.0	3.3685063948808	0.0	0.0	0.0	0.0	0.0	33.685063948808	363.798690647126	0.0	5.987966582356097	0.0	0.0	1.1975933164712194	3.3685063948808	0.9854	0.7938	0.0	0.0	0.0	1.0
676138_20171001_S	8.49489206438178	0.0	80.7014746116269	0.0	0.0	0.0	0.0	0.0	322.805898446508	0.0	82.8251976277224	0.0	0.0	0.0	2.12372301609545	404.569234566182	0.0	0.0	390.765034961562	0.0	8.49489206438178	0.0	0.0	7909.80637344749	2.12372301609545	1017.97123238175	2390.25025461542	0.0	0.0	0.0	592.164767654613	967.00187999546	465.095340524903	0.0	530.930754023861	12047.610214446408	29.01132056893837	1.7582618526629314	0.8791309263314657	0.0	0.0	0.0	0.0	0.0	0.0	0.0	151.492241814808	1070.3564001121	116.92441320208492	0.0	0.0	2.6373927789943976	4.24744603219089	0.0	2.257	0.0	1.0	0.0	0.0
676138_20171009_S	0.0	0.0	22.2156911784377	0.0	0.0	0.0	0.0	0.0	24.3314712906698	0.0	7.40523039281256	0.0	0.0	0.0	0.0	21.1578011223216	0.0	0.0	23.2735812345538	1.05789005611608	0.0	0.0	0.0	431.090197867303	0.0	200.64648064335	136.467817238974	0.0	0.0	0.0	41.4340271978798	53.5997628432147	23.2735812345538	0.0	46.5471624691075	872.3854012113554	2.455118389900625	0.0	0.0	0.0	0.0	0.0	0.0	0.0	0.0	0.0	169.438723987926	70.8786337597774	6.546982373068333	2.11578011223216	0.0	0.0	2.11578011223216	0.0	0.07159	0.0	1.0	0.0	0.0
676138_20180130_S	0.0	1.29962680056045	36.3895504156925	0.0	0.0	0.0	0.0	0.0	61.7322730266212	0.0	17.544961807566	0.0	0.0	0.0	0.0	77.6527013334866	0.0	0.0	90.324062638951	0.0	0.0	1.29962680056045	0.0	1944.89150703871	0.0	318.841775070829	493.208370812689	0.0	0.0	0.0	120.323781285221	196.027042417867	100.071263643154	0.0	102.670517244275	3304.130926541151	8.193928242662336	0.8476477492409314	0.0	0.649813400280223	0.0	0.866417867040297	0.0	0.0	0.0	0.0	236.965286635521	294.365470326941	27.124727975709806	0.0	0.0	1.1301969989879086	0.0	0.0261	0.2391	0.0	1.0	0.0	0.0
676138_20180323_S	0.0	0.0	55.5731306106179	0.0	0.0	0.0	0.0	0.0	164.734637167189	0.0	57.5578852752828	1.98475466466492	0.0	0.0	0.0	180.612674484508	0.661584888221641	0.0	152.826109179199	0.0	0.0	0.0	0.0	4207.67988908964	0.0	582.194701635045	1127.34064952968	0.0	0.0	0.0	302.013501473179	474.687157299028	291.758935705744	0.0	218.323013113142	5532.915334714231	13.161856282400787	0.0	0.0	0.0	0.0	1.32316977644328	0.0	0.0	0.0	3.96950932932985	139.594411414766	541.838023453524	54.29265716490325	0.0	0.0	1.6452320353000984	0.0	0.0	0.4617	1.0	1.0	0.0	0.0
676138_20180405_S	0.433883925492091	0.0	58.1404460159402	0.0	0.0	0.0	0.0	0.0	5.64049103139719	0.0	2.60330355295255	1.73553570196837	0.0	0.0	0.433883925492091	5.64049103139719	0.0	0.0	24.7313837530492	0.0	0.0	0.867767850984183	0.0	137.975088306485	0.433883925492091	201.611397378658	51.6321871335589	0.0	0.0	0.0	7.80991065885764	11.0640401000483	4.33883925492091	0.1741998218284222	9.11156243533392	640.5327448631085	3.483996436568445	0.0	0.8709991091421112	0.433883925492091	0.0	0.0	0.0	0.0	0.0	0.0	66.6734965506181	59.4420977924165	2.438797505597911	0.0	0.867767850984183	2.090397861941067	0.0	0.0	0.03688		1.0	0.0	0.0
698564_20171001_S	67.0281444338875	3791.87788511706	689.432342748557	0.0	0.0	38.3017968193643	0.0	0.0	229.810780916186	229.810780916186	1781.03355210044	0.0	0.0	0.0	57.4526952290464	0.0	191.508984096821	0.0	631.979647519511	0.0	0.0	114.905390458093	0.0	603.253299904987	57.4526952290464	727.734139567921	574.526952290464	0.0	0.0	30.41593795148658	545.800604675941	976.695818893789	114.905390458093	0.0	229.810780916186	25047.5249030492	45.62390692722987	0.0	0.0	229.810780916186	0.0	0.0	0.0	0.0	0.0	114.905390458093	593.677850700146	1034.14851412284	167.2876587331762	0.0	0.0	30.41593795148658	0.0	0.0	8.257	1.0	1.0	0.0	0.0
698564_20180215_S	0.0	11.0188830598998	11.0188830598998	0.0	0.0	0.0	0.0	0.0	0.0	0.0	5.50944152994989	5.50944152994989	0.0	0.0	5.50944152994989	0.0	0.0	0.0	0.0	0.0	0.0	0.0	0.0	33.0566491796994	5.50944152994989	198.339895078196	0.0	0.0	0.0	0.0	11.0188830598998	16.5283245898497	0.0	0.0	22.0377661197996	11608.72197229575	11.869858867378069	5.9349294336890335	5.9349294336890335	0.0	0.0	0.0	0.0	0.0	0.0	11.0188830598998	213.031739158063	33.0566491796994	0.0	0.0	11.0188830598998	0.0	22.0377661197996	0.0	0.0	0.0	1.0	0.0	0.0
698564_20181205_S	1.3032373383604	929.208222250962	5.21294935344158	0.0	0.0	0.0	0.0	7.81942403016237	63.8586295796594	107.517080414733	334.931995958622	7.81942403016237	0.0	0.0	0.0	0.0	38.6627077046917	0.0	41.7035948275326	0.0	0.0	0.0	0.0	31.2776961206495	0.0	115.988123114075	35.1874081357307	0.0	0.04088	0.0	30.6260774514693	78.8458589708039	1.3032373383604	0.0	0.0	8266.862319665088	17.65585213027665	2.615681797078022	0.0	0.0	0.0	0.0	0.0	0.0	0.0	0.0	500.877550376512	188.969414062257	77.81653346307115	0.0	0.0	0.6539204492695055	0.0	0.0	0.2009	1.0	1.0	0.0	0.0
698917_20171207_S	101.865321954865	783.579399652811	329.10334785418	8.023	54.8505579756967	0.0	219.402231902787	0.0	203.730643909731	78.357939965281	720.893047680586	62.6863519722248	3.964	211.566437906259	235.073819895843	70.522145968753	245.521545224547	125.37270394445	611.191931729192	62.6863519722248	0.0	219.402231902787	35.0	1120.51854150352	266.416995881956	449.252189134278	297.760171868068	31.3431759861124	2.176	0.0	378.730043165525	394.401631158581	164.55167392709	0.0	94.0295279583373	41976.63488653149	26.856452262656106	6.7141130656640255	0.0	399.625493822933	0.0	26.1193133217603	0.0	4.912	0.0	0.0	255.969270553251	250.745407888899	87.28346985363233	219.402231902787	0.0	0.0	109.701115951393	6.258	18.09	0.0	1.0	0.0	0.0
698917_20180119_S	0.0	176.706004438475	176.706004438475	0.0	44.1765011096188	0.0	0.0	0.0	0.0	0.0	132.529503328856	0.0	0.0	44.1765011096188	0.0	0.0	88.3530022192375	0.0	176.706004438475	88.3530022192375	88.3530022192375	44.1765011096188	0.0	220.882505548094	0.0	574.294514425044	132.529503328856	0.0	0.0	0.0	176.706004438475	176.706004438475	176.706004438475	0.0	0.0	11373.039545848167	38.4874434715674	0.0	0.0	44.1765011096188	0.0	0.0	0.0	2.038	0.0	88.3530022192375	242.970756102903	0.0	76.9748869431348	0.0	0.0	0.0	0.0	5.47	2.136	0.0	1.0	0.0	0.0
698917_20180128_S	0.0	628.740867819586	0.0	0.0	0.0	0.0	0.0	0.0	392.963042387241	0.0	0.0	0.0	0.0	0.0	235.777825432345	0.0	0.0	0.0	785.926084774483	157.185216954897	0.0	0.0	0.0	392.963042387241	235.777825432345	157.185216954897	78.5926084774483	0.0	0.0	0.0	288.172897750644	288.172897750644	0.0	0.0	0.0	6464.793462442628	0.0	0.0	0.0	0.0	0.0	26.1975361591494	0.0	0.0	0.0	0.0	170.283985034471	0.0	0.0	0.0	0.0	0.0	0.0	0.0	0.0	0.0	1.0	0.0	0.0
698917_20180329_S	0.0	597.036566357416	0.0	0.0	0.0	0.0	0.0	0.0	0.0	0.0	1492.59141589354	597.036566357416	0.0	0.0	0.0	0.0	0.0	0.0	1194.07313271483	0.0	0.0	0.0	0.0	4179.25596450191	0.0	1791.10969907225	1194.07313271483	0.0	0.0	0.0	0.0	0.0	0.0	0.0	0.0	33060.639284810655	168.67673104495233	168.67673104495233	0.0	0.0	0.0	0.0	0.0	0.0	0.0	0.0	348.271330375159	0.0	0.0	0.0	0.0	0.0	597.036566357416	0.0	0.0	0.0	1.0	0.0	0.0
701099_20180504_S	1.38192208680501	0.0	2.76384417361002	0.0	0.0	0.0	0.0	0.0	8.29153252083006	0.0	5.52768834722004	0.0	0.0	1.38192208680501	0.0	1.38192208680501	3.22448486921169	0.0	78.7695589478856	0.0	0.0	2.76384417361002	0.0	34.5480521701253	0.0	269.014166231375	16.5830650416601	0.0	0.0	0.0	13.8192208680501	22.1107533888802	0.0	1.1078288603819906	6.90961043402505	894.0178903282663	2.215657720763981	1.1078288603819906	0.0	0.0	0.0	1.84256278240668	0.0	0.0	0.0	2.76384417361002	401.678686564656	11.0553766944401	0.5539144301909953	0.0	0.0	0.0	0.0	0.0	0.0	0.0			
701099_20180517_S	1.5685455819813	0.0	23.5281837297195	0.0	0.0	0.0	0.0	0.0	0.0	0.0	11.7640918648597	3.1370911639626	0.0	0.0	0.0	0.0	0.0	0.0	96.4655532918499	1.5685455819813	0.0	0.0	0.0	200.381698098111	0.0	214.106471940447	5.48990953693455	0.0	0.0	0.0	4.83634887777567	7.18916725074762	0.0	0.9801522437808524	0.0	1044.8422918703886	8.167935364840435	1.9603044875617048	1.6335870729680873	0.0	0.0	0.0	0.0	0.0	0.0	1.5685455819813	217.504987368074	158.423103780111	0.3267174145936175	0.0	0.0	1.30686965837447	0.0	0.0	0.0	0.0			
715927_20180205_S	0.0	0.0	22.6494858136382	0.0	0.0	0.0	0.0	0.0	8.15381489290975	1.81195886509106	2.71793829763658	0.0	0.0	0.0	0.905979432545528	0.0	0.603986288363685	0.0	57.0767042503683	0.0	0.0	0.905979432545528	0.0	73.8373237524605	0.905979432545528	220.153002108563	8.15381489290975	0.0	0.0	0.0	12.6837120556374	10.8717531905463	0.0	0.0	0.0	2192.428463617264	4.773932419417015	0.0	0.3978277016180846	0.0	0.0	0.603986288363685	0.0	0.0	0.3978277016180846	1.81195886509106	205.657331187835	5.43587659527317	1.1934831048542538	0.0	0.0	0.7956554032361692	0.0	0.0	0.0	0.0	0.0	0.0	0.0
715927_20180213_S	0.0	0.0	51.6826380779034	0.0	0.0	0.0	0.0	0.0	1.45584895994094	0.0	1.45584895994094	0.0	0.0	0.0	2.54773567989665	0.0	0.0	0.0	98.997729275984	0.0	0.0	1.45584895994094	0.0	80.0716927967517	2.54773567989665	251.619228576459	3.63962239985235	0.0	0.0	0.0	3.51830165319061	4.24622613316108	0.0	0.6101938372253022	1.45584895994094	1002.5484745611714	0.6101938372253022	0.0	0.0	0.0	0.0	1.45584895994094	1.45584895994094	0.0	0.0	4.36754687982282	128.721312208112	42.2196198382873	0.3050969186126511	0.0	0.0	0.6101938372253022	0.0	0.0	0.0	1.0	0.0	0.0	0.0
717449_20180606_S	0.963230823694571	0.0	37.5660021240883	0.0	0.0	0.963230823694571	0.0	0.0	5.77938494216743	0.0	5.77938494216743	0.0	0.0	7.22423117770929	0.0	0.0	27.9336938871426	11.5587698843349	46.2350795373394	0.0	0.0	26.0072322397534	0.0	46.2350795373394	0.0	68.3893884823146	20.227847297586	0.0	0.0	0.0	17.3381548265023	24.5623860042116	0.0	0.0	11.5587698843349	3353.805600817372	0.0	0.0	0.0	0.0	0.0	0.0	0.0	0.0	0.0	11.5587698843349	272.112707693716	20.227847297586	3.798194338411519	0.0	0.0	7.596388676823038	0.0	0.0	0.0	0.0			
720054_20170925_S	1.55920972524248	2.33881458786373	4.67762917572745	0.0	4.28782674441683	0.0	0.0	8.96545592014428	275.590318936609	0.0	4.67762917572745	52.2335257956232	0.0	0.0	0.19490121565531	0.19490121565531	0.389802431310621	0.0	69.3848327732905	56.9111549713507	1.55920972524248	0.0	0.0	108.559977120008	0.19490121565531	435.149447486423	7.01644376359118	0.0	0.0	0.0	50.9341843579211	49.3749746326787	0.0	0.0	96.671002965034	3539.684847912212	170.14699076039096	0.3690824094585487	0.1845412047292743	4.28782674441683	0.0	0.779604862621242	0.0	0.0	0.0	1.55920972524248	216.40531644928	24.1677507412585	3.137200480397664	0.0	0.0	4.798071322961134	0.0	0.0	0.0	0.0	0.0	0.0	0.0
720054_20171120_S	2.26002418188207	6.78007254564622	3.39003627282311	0.0	2.26002418188207	0.0	2.26002418188207	2.26002418188207	134.471438821983	0.0	2.26002418188207	27.1202901825849	0.0	0.0	1.13001209094104	0.0	1.50668278792138	0.0	82.4908826386957	18.0801934550566	4.52004836376415	0.0	0.0	371.773977919601	1.13001209094104	601.166432380632	0.0	0.0	0.0	0.0	139.744828579708	127.879701624827	2.26002418188207	0.0	151.421620186099	2853.994764224409	52.29562249395234	0.0	0.5177784405341816	2.26002418188207	0.0	1.13001209094104	0.0	0.0	0.0	2.26002418188207	255.382732552674	14.6901571822335	2.0711137621367266	0.0	0.0	4.660005964807636	0.0	0.0	0.02212	0.0	0.0	0.0	0.0
748160_20180321_S	0.0	0.0	7.58606499104697	0.0	0.0	0.0	0.0	0.0	2.52868833034899	0.0	17.7008183124429	0.0	0.0	0.0	0.0	0.0	6.74316888093064	0.0	166.893429803033	5.05737666069798	0.0	5.05737666069798	0.0	17.7008183124429	0.0	557.99722489701	0.0	0.0	0.0	0.0	5.05737666069798	3.79303249552348	0.0	0.0	0.0	783.7254061504585	0.0	0.0	0.0	0.0	0.0	5.90027277081431	0.0	0.2055	0.0	5.05737666069798	88.5040915622146	113.790974865704	8.404561996251566	0.0	0.0	0.0	0.0	0.0	0.2087	1.0	1.0	0.0	0.0
748160_20180329_S	0.0	0.0	0.0	0.0	0.0	0.0	0.0	0.0	2.81879996759186	0.0	11.2751998703675	0.0	0.0	2.81879996759186	0.0	0.0	0.0	0.0	197.31599773143	0.0	0.0	0.0	0.0	8.45639990277559	0.0	616.377592913421	16.9127998055512	0.0	0.17505	0.0	0.0	52.1477994004495	0.0	0.0	0.0	616.567703767588	6.619591911615209	0.0	0.0	0.0	0.0	0.0	0.0	0.0	0.0	0.0	85.9733990115518	70.4699991897966	2.8369679621208035	0.0	0.0	0.0	0.0	0.0	0.0	0.0	1.0	0.0	0.0
748699_20180329_S	0.980871759192389	4.70818444412347	2.35409222206173	0.0	4.70818444412347	0.784697407353911	1.17704611103087	1.17704611103087	14.1245533323704	0.588523055515433	5.88523055515433	2.35409222206173	0.0	0.980871759192389	0.588523055515433	1.17704611103087	0.392348703676956	0.0	191.269993042516	0.0	0.0	0.0	0.0	73.5653819394292	0.588523055515433	445.708127377022	2.94261527757717	0.0	0.009945	0.0	43.4526189322228	43.4526189322228	0.588523055515433	0.0	17.0671686099476	2512.8117161312657	4.43176669511687	1.564152951217719	0.0	5.88523055515433	0.0	0.392348703676956	0.0	0.1233	0.0	1.17704611103087	260.813800769256	15.3015994434013	2.085537268290292	0.588523055515433	0.588523055515433	3.388998060971725	0.0	0.0	0.1148	0.0	1.0	1.0	0.0
748699_20180410_S	0.0	53.3594676148053	91.473373053952	2.607	5.33594676148053	3.04911243513173	10.6718935229611	3.04911243513173	3.04911243513173	6.09822487026347	64.0313611377664	3.04911243513173	0.3077	9.1473373053952	18.2946746107904	6.09822487026347	11.6882643346716	4.5736686526976	416.203847395481	6.09822487026347	4.5736686526976	7.62278108782933	1.771	126.538166057967	30.4911243513173	253.076332115934	36.5893492215808	4.5736686526976	0.1326	1.315188986081355	32.7779586776661	35.8270711127979	15.2455621756587	9.863917395610162	15.2455621756587	4044.863726693208	17.097456819057612	3.287972465203388	0.0	20.5815089371392	0.0	0.0	0.0	0.5239	1.315188986081355	0.0	130.603649304809	335.402367864491	7.233539423447453	13.7210059580928	3.04911243513173	0.0	6.09822487026347	0.8926	1.271	0.0	1.0	1.0	0.0
748699_20190101_S	0.0	5.4195547678333	5.4195547678333	0.0	0.0	0.0	0.0	0.0	0.0	0.0	16.2586643034999	0.0	0.0	0.0	2.70977738391665	0.0	0.0	0.0	70.4542119818329	0.0	0.0	0.0	0.0	65.0346572139996	2.70977738391665	222.201745481165	16.2586643034999	0.0	0.0	0.0	17.6135529954582	14.9037756115416	0.0	0.0	5.4195547678333	2608.76415011283	4.633684103219947	0.0	0.0	0.0	0.0	1.80651825594443	0.0	0.0	0.0	5.4195547678333	207.74959943361	16.2586643034999	0.0	0.0	0.0	0.0	0.0	0.0	0.0	1.0	1.0	1.0	0.0
748699_20190109_S	0.0	0.0	1.0664981423545	0.0	0.0	0.0	0.0	0.0	2.13299628470899	0.0	14.9309739929629	0.0	0.0	0.0	1.0664981423545	1.0664981423545	0.0	0.0	6.39898885412697	1.0664981423545	0.0	0.0	0.0	45.326171050066	1.0664981423545	79.9873606765871	2.13299628470899	0.0	0.0	0.0	2.13299628470899	2.13299628470899	0.0	0.0	0.0	3922.4973726668554	0.9867917918658752	0.9867917918658752	1.4801876877988127	0.0	0.0	0.710998761569663	0.0	0.0	0.0	0.0	221.831613609735	15.9974721353174	0.0	1.0664981423545	0.0	2.466979479664688	0.0	0.0	0.0	1.0	1.0	1.0	0.0
748699_20190114_S	2.93917421549075	5.03858436941271	12.5964609235318	0.0	0.0	1.67952812313757	0.0	0.0	0.0	0.0	5.03858436941271	2.51929218470635	0.0	0.0	0.0	0.0	0.0	0.0	10.0771687388254	0.0	0.0	0.0	0.0	10.0771687388254	0.0	159.555171698069	0.0	0.0	0.0	0.0	1.67952812313757	4.19882030784392	0.0	0.0	0.0	2422.942525668721	1.026235716081627	0.0	0.0	0.0	0.0	0.0	0.0	0.0	0.0	5.03858436941271	212.040425546118	20.1543374776508	1.026235716081627	0.0	0.0	3.0787071482448805	0.0	0.0	0.0	1.0	1.0	1.0	0.0
752797_20170918_S	9.11594322531348	27.3478296759405	14.9169980050584	0.0	0.0	1.65744422278427	0.0	0.0	14.9169980050584	0.0	14.9169980050584	4.97233266835281	0.0	0.0	0.0	0.0	3.31488844556854	2.48616633417641	42.2648276809989	0.0	4.97233266835281	9.94466533670562	0.0	75.8280731923804	0.0	864.357162181997	24.8616633417641	0.0	0.0	0.0	32.3201623442933	32.3201623442933	0.0	0.0	9.94466533670562	7710.197293590443	14.355852881219672	11.042963754784363	0.0	0.0	0.0	0.0	0.0	0.0	0.0	9.94466533670562	224.169331131573	34.8063286784697	13.251556505741236	9.94466533670562	4.97233266835281	0.0	0.0	0.0	0.03897	0.0	0.0	0.0	0.0
752797_20170927_S	23.5223405669758	47.0446811339517	23.5223405669758	0.0	5.88058514174396	0.0	0.0	0.0	0.0	0.0	23.5223405669758	0.0	0.0	0.0	0.0	0.0	23.5223405669758	23.5223405669758	152.895213685343	23.5223405669758	0.0	0.0	0.0	264.626331378478	0.0	654.705145780828	0.0	0.0	0.0	0.0	78.4078018899195	78.4078018899195	23.5223405669758	0.0	47.0446811339517	2945.8637175834256	8.780517787133908	0.0	0.0	5.88058514174396	0.0	0.0	0.0	0.0	0.0	0.0	245.024380905998	199.939894819295	13.17077668070086	0.0	0.0	21.951294467834767	11.7611702834879	0.0	0.0	0.0	0.0	0.0	0.0
752797_20180306_S	0.0	0.0	0.0	0.0	0.0	0.0	0.0	0.0	0.0	0.0	0.839120583168192	0.0	0.0	0.0	0.0	0.839120583168192	0.279706861056064	0.0	16.7824116633638	0.0	0.0	0.0	0.0	7.97164554009782	0.0	148.804050081826	1.67824116633638	0.0	0.0	0.0	1.67824116633638	4.61516320742506	0.0	0.0	0.0	3513.518001500275	1.082970718637709	0.0	0.0	0.0	0.0	0.0	0.0	0.0	0.0	0.0	254.952803852602	8.39120583168192	0.7219804790918064	0.839120583168192	0.0	1.082970718637709	0.0	0.0	0.0	0.0	0.0	0.0	0.0
753522_20180606_S	0.0	0.0	5.46718648044604	0.0	10.6858644845082	0.0	0.0	0.0	9.94033905535644	0.0	32.8031188826762	1.98806781107129	0.0	0.0	0.497016952767822	0.0	1.32537854071419	0.0	470.178037318359	2.98210171660693	0.0	0.0	0.0	15.4075255358025	1.49105085830347	100.066079823921	0.994033905535644	0.0	0.0	0.0	4.22464409852649	3.47911866937475	0.0	0.0	43.2404748908005	2726.6651380413077	8.212846801329238	1.5537818272785044	1.3318129948101467	10.6858644845082	0.0	8.44928819705297	0.0	0.0	0.4439376649367155	3.97613562214257	314.611731102031	83.0018311122262	0.2219688324683577	0.994033905535644	0.994033905535644	0.0	0.0	0.0	0.01306	0.0	0.0	0.0	0.0
756934_20181205_S	0.0	0.0	1.48668607839758	0.0	0.0	0.0	0.0	0.0	0.0	0.0	10.4068025487831	0.0	0.0	0.0	0.0	0.74334303919879	0.0	0.0	679.415537827694	0.0	2.97337215679516	0.0	0.0	110.014769801421	0.0	229.940780125492	1.48668607839758	0.0	0.0	0.0	4.46005823519274	4.46005823519274	0.0	0.0	5.94674431359032	469.7423209314793	0.5184793829265777	1.0369587658531554	0.0	0.0	0.0	0.0	0.0	0.0	0.0	0.0	218.790634537511	5.94674431359032	1.0369587658531554	0.0	0.0	0.0	0.0	0.0	0.0	0.0	1.0	0.0	0.0
756934_20181218_S	0.0	0.0	1.99554726412001	0.0	0.997773632060007	0.0	0.0	1.99554726412001	0.0	0.0	16.9621517450201	0.0	0.0	0.997773632060007	0.0	0.0	0.0	0.0	82.8152114609806	0.0	0.0	0.0	0.04318	288.855466481372	0.0	400.772408877436	7.98218905648006	0.0	0.030825	0.0	1.66295605343334	1.66295605343334	0.0	0.0	0.0	2577.955247704286	0.8684370044481343	3.4737480177925373	0.0	0.997773632060007	0.0	0.0	0.0	0.0	0.0	0.0	239.798262905088	10.9755099526601	1.3026555066722014	0.0	0.0	0.4342185022240671	0.0	0.1024	0.05365	0.0	1.0	0.0	0.0
763742_20170925_S	10.2536795612078	5.59291612429517	11.1858322485903	0.0	0.0	1.86430537476506	0.0	2.79645806214759	36.3539548079186	0.0	11.1858322485903	0.0	0.0	0.0	0.0	0.0	0.0	0.0	50.3362451186565	0.0	0.0	5.59291612429517	0.0	113.256551516977	0.0	314.135455647912	22.3716644971807	0.0	0.0	2.3011782032400587	161.728491260869	164.524949323016	6.99114515536896	0.0	33.557496745771	2110.180412371134	9.204712812960237	4.6023564064801175	0.0	0.0	0.0	1.86430537476506	0.0	0.0	0.0	11.1858322485903	258.672370748652	95.0795741130179	3.4517673048600885	0.0	5.59291612429517	0.0	0.0	0.0	0.0	0.0	0.0	0.0	0.0
763742_20180129_S	0.0	0.0	0.458680136287946	0.0	0.0	0.0	0.0	0.0	299.059448859741	0.0	0.0	43.1159328110669	0.0	0.0	0.458680136287946	0.0	1.83472054515178	0.0	90.3599868487254	50.4548149916741	3.21076095401562	0.0	0.0	406.161260682976	0.458680136287946	133.32302628103	3.21076095401562	0.0	0.0	0.0	48.9258812040476	44.1097397730242	0.688020204431919	0.0	22.9340068143973	1794.8785112260505	194.84143695056025	0.2014906276634542	1.0074531383172711	0.0	0.0	2.75208081772768	0.0	0.0	0.0	0.0	313.890106599718	84.85582521327	1.4104343936441797	0.917360272575892	0.0	2.2163969042979965	0.0	0.0	0.0	0.0	0.0	0.0	0.0
768745_20171123_S	0.0	0.0	22.7834590038331	0.0	0.0	0.0	0.0	0.0	16.0328044841788	0.0	6.75065451965424	1.68766362991356	0.0	0.0	0.0	0.0	0.0	0.42191590747839	161.171876656745	1.68766362991356	0.0	0.0	0.0	56.9586475095826	0.0	137.544585837955	0.0	0.0	0.0	0.3851930260032256	29.9560294309657	33.7532725982712	1.68766362991356	1.925965130016128	6.75065451965424	1587.7656531852958	9.244632624077417	1.5407721040129023	0.3851930260032256	0.0	0.0	0.56255454330452	0.0	0.0	0.3851930260032256	1.68766362991356	346.533598675584	221.083935518676	1.925965130016128	0.0	0.0	0.3851930260032256	0.0	0.0	0.01626	0.0			
768745_20171206_S	1.29614157406309	3.4563775308349	15.1216516974027	0.0	0.0	0.0	0.864094382708724	0.0	2.59228314812617	0.432047191354362	2.59228314812617	0.864094382708724	0.0	0.0	0.864094382708724	0.432047191354362	0.432047191354362	0.864094382708724	80.3607775919114	0.0	0.864094382708724	0.0	0.0	24.8427135028758	0.864094382708724	148.336202364998	0.864094382708724	0.0	0.0	0.0	9.50503820979597	10.1531089968275	0.0	1.7299009535598475	4.32047191354362	1900.9689367452104	8.265082333674828	0.1922112170622053	0.7688448682488213	0.864094382708724	0.0	0.0	0.0	0.0	0.0	5.18456629625235	262.540676613001	219.91202039937	0.9610560853110264	0.0	0.864094382708724	1.5376897364976423	0.864094382708724	0.0	0.00746	0.0			
768745_20190228_BAL	840.43486501158	0.0	0.0	0.0	0.0	480.248494292331	0.0	0.0	0.0	0.0	0.0	0.0	0.0	0.0	0.0	0.0	0.0	360.186370719249	0.0	0.0	0.0	0.0	0.0	1800.93185359624	0.0	0.0	360.186370719249	0.0	0.0	0.0	840.43486501158	840.43486501158	0.0	0.0	0.0	16891.891891891893	0.0	0.0	0.0	0.0	0.0	0.0	0.0	0.0	0.0	0.0	0.0	0.0	0.0	0.0	0.0	0.0	0.0	0.0	0.0	0.0			
768745_20190228_S	0.0	1.01068644378224	7.58014832836677	0.0	0.0	0.0	0.0	1.01068644378224	258.735729608252	0.0	1.01068644378224	46.4915764139828	0.0	0.0	0.0	0.0	1.01068644378224	1.26335805472779	243.575432951519	32.3419662010315	22.2351017632092	0.0	0.0	541.222590645387	0.0	157.835532970659	0.505343221891118	0.0	0.0	0.0	88.0981683496849	87.3401535168482	1.26335805472779	1.4912082092006056	2.02137288756447	3149.4317378316787	172.23454816266994	2.4853470153343427	0.0	0.0	0.0	0.336895481260745	0.0	0.0	0.4970694030668685	1.01068644378224	239.616911046705	165.247233558396	2.733881716867777	0.0	1.01068644378224	2.2368123138009084	0.0	0.0	0.0	0.0			
770560_20181211_S	1.35946863886468	0.0	8.15681183318811	0.0	0.0	0.0	0.0	0.0	95.1628047205279	0.0	0.0	16.3136236663762	0.0	0.0	0.0	1.35946863886468	0.0	3.39867159716171	35.3461846104818	8.15681183318811	0.0	0.0	0.0	97.8817419982573	0.0	246.063823634508	0.0	0.0	0.0	1.1907455257736868	29.9083100550231	30.5880443744554	0.0	0.5953727628868434	0.0	1723.6041485574117	60.72802181445803	1.1907455257736868	1.1907455257736868	0.0	0.0	0.0	0.0	0.0	0.0	2.71893727772937	260.11166623611	38.0651218882112	4.167609340207904	0.0	0.0	1.1907455257736868	0.0	0.0	0.0	0.0	0.0	0.0	0.0
770560_20181218_S	0.0	0.0	6.96357283480071	0.0	0.0	0.0	0.0	0.0	5.80297736233393	0.0	0.580297736233393	0.0	0.0	0.0	0.0	0.0	0.0	0.0	16.8286343507684	0.0	0.0	0.0	0.0	6.09312623045062	0.0	72.5372170291741	7.5438705710341	0.0	0.0	0.0	7.44715428166187	6.86685654542848	0.870446604350089	1.2008622190732947	0.0	1891.5981674842535	3.602586657219884	0.4803448876293178	0.7205173314439768	0.0	0.0	0.0	0.0	0.0	0.0	0.0	292.760207929747	15.6680388783016	0.0	0.0	0.0	0.9606897752586356	0.580297736233393	0.0	0.0		0.0	0.0	0.0
770560_20190109_S	0.0	0.0	0.0	0.0	0.0	0.0	0.0	0.0	3.86952323286391	0.0	0.0	0.0	0.0	0.0	1.93476161643196	0.0	0.0	0.0	129.629028300941	0.0	0.0	0.0	0.0	8.70642727394381	1.93476161643196	447.574853934593	9.67380808215979	0.0	0.0	0.0	6.44920538810652	12.2534902374024	0.0	0.0	0.0	8315.438342535046	2.990806261551989	0.0	0.0	0.0	0.0	0.0	0.0	0.0	0.0	0.0	185.414654908063	73.5209414244144	8.972418784655968	0.0	0.0	0.9969354205173298	0.0	0.0	0.0	0.0	0.0	0.0	0.0
770590_20170925_S	0.0	0.0	1.13932997566642	0.0	2.56349244524943	0.0	0.0	0.0	0.0	0.0	2.27865995133283	0.0	0.0	0.0	1.99382745741623	0.0	0.0	0.0	2.27865995133283	1.13932997566642	1.13932997566642	1.13932997566642	0.0	969.000144304286	1.99382745741623	990.45752551267	23.3562645011615	0.284832493916604	0.0113845	0.4867596507402154	0.0	1.13932997566642	0.0	0.0	0.0	2000.8255443676555	5.110976332772262	0.0	0.0	3.70282242091585	0.0	0.0	0.0	0.0	0.0	0.0	147.828064342717	1.13932997566642	33.09965625033465	0.0	0.0	0.0	1.13932997566642	0.04952	0.01078	0.0	0.0	0.0	0.0
770590_20180115_S	0.0	0.851184800654059	3.83033160294326	0.0	2.12796200163515	0.0	0.0	0.0	68.5203764526517	0.0	0.851184800654059	8.93744040686762	0.0	0.0	0.0	0.0	0.0	0.0	48.0919412369543	16.1725112124271	0.851184800654059	0.0	0.0	68.5203764526517	0.0	379.060964557941	0.425592400327029	0.0	0.0	0.0	12.5549758096474	10.8526062083392	0.0	0.198986442655689	0.425592400327029	4139.912939451609	52.13444797579052	0.0	0.198986442655689	2.12796200163515	0.0	0.283728266884686	0.0	0.01134	0.0	0.0	270.251174207664	13.1933644101379	1.591891541245512	0.851184800654059	0.0	1.3929050985898228	0.0	0.0	0.004589	0.0	0.0	0.0	0.0
773911_20171213_S	0.0	2.02125555226268	0.0	0.0	0.0	0.0	2.02125555226268	0.0	2.02125555226268	0.0	2.02125555226268	0.0	0.0	0.0	0.0	0.0	0.0	0.0	106.115916493791	0.0	0.0	0.0	0.0	56.5951554633549	0.0	302.514580988647	5.05313888065669	0.0	0.0	0.0	11.2853435001333	12.2959712762646	0.0	0.0	0.0	2959.630287419286	0.8463340827621637	0.0	0.0	0.0	0.0	1.01062777613134	0.0	0.0	0.0	0.0	232.444388510208	7.07439443291937	0.0	1.01062777613134	0.0	2.539002248286491	0.0	0.0	0.0	0.0	1.0		
773911_20180130_S	1.47379902205574	0.0	2.94759804411148	0.0	0.0	0.0	0.0	0.0	8.84279413233445	0.0	5.89519608822297	2.94759804411148	0.0	0.0	2.94759804411148	0.0	1.96506536274099	0.0	857.751030836442	2.94759804411148	0.0	2.94759804411148	0.0	23.5807843528919	2.94759804411148	144.432304161463	4.42139706616723	0.0	0.02374	0.0	3.93013072548198	3.93013072548198	0.0	0.0	0.0	2100.5671592092585	1.8228815382203567	0.0	0.0	0.0	0.0	5.40392974753772	0.0	0.0	0.0	0.0	229.912647440696	13.2641911985017	3.0381358970339285	0.0	2.94759804411148	1.2152543588135714	0.0	0.0	0.0	0.0	1.0		
777599_20180306_S	0.0	0.0	0.0	0.0	20.1931756105287	0.0	0.0	0.0	0.0	0.0	0.0	0.0	0.0	0.0	0.0	0.0	0.0	0.0	161.54540488423	0.0	0.0	0.0	0.0	111.062465857908	0.0	309.628692694773	20.1931756105287	0.0	0.0	0.0	20.1931756105287	20.1931756105287	0.0	0.0	0.0	1824.5890202672483	35.776255299357814	17.888127649678907	0.0	20.1931756105287	0.0	0.0	0.0	0.0	0.0	0.0	588.967621973754	0.0	0.0	80.7727024421148	0.0	0.0	0.0	0.0	0.0	0.0	1.0	0.0	0.0
778851_20170918_S	0.0	2.97287048641955	6.68895859444399	0.0	2.97287048641955	0.0	0.0	1.48643524320977	29.7287048641955	0.0	6.68895859444399	2.22965286481466	0.0	0.0	0.0	0.0	0.247739207201629	8.91861145925865	292.827742912326	8.17539383765376	1.48643524320977	0.0	0.0	177.629011563568	0.0	182.336056500399	2.97287048641955	0.0	0.0	0.0	45.8317533323014	41.3724476026721	0.371608810802444	0.0	1.48643524320977	1504.4500495252769	21.047849930714875	0.6282940277825336	1.2565880555650673	2.97287048641955	0.0	1.7341744504114	0.0	0.0	0.0	0.0	223.460764895869	118.171601835177	0.6282940277825336	1.48643524320977	0.0	1.2565880555650673	0.0	0.0	0.0	0.0	0.0	0.0	0.0
778851_20171204_S	0.0	0.0	8.06113914041235	0.0	18.8093246609622	0.0	0.0	2.68704638013745	204.887286485481	0.0	0.671761595034363	30.5651525740635	0.0	0.0	0.0	0.167940398758591	0.0	17.2978610721348	1942.39865204186	32.5804373591666	1.34352319006873	0.0	0.0	603.745733537134	0.0	177.680941886589	4.36645036772336	0.0	0.0	0.0	153.665464864111	138.718769374596	3.02292717765463	0.7382247613873015	3.35880797517181	1511.5890214166384	116.63951229919364	1.3288045704971427	0.1476449522774603	18.8093246609622	0.0	0.447841063356242	0.0	0.0	0.0	1.34352319006873	289.641207725649	44.6721460697851	2.362319236439365	0.671761595034363	0.0	5.610508186543492	0.0	0.0	0.007503	0.0	0.0	0.0	0.0
778851_20180212_S	0.0	0.0	3.2713964070647	0.0	4.08924550883088	0.0	0.0	1.63569820353235	152.119932928509	0.0	0.0	36.8032095794779	0.0	0.0	0.0	0.0	0.0	1.63569820353235	265.800958074007	15.5391329335573	2.45354730529853	0.0	0.0	266.20988262489	0.817849101766175	219.183559273335	6.5427928141294	0.0	0.0	0.0	67.3362427120818	67.3362427120818	0.817849101766175	0.0	1.63569820353235	2641.9696061925624	88.1400333147012	0.0	0.0	4.08924550883088	0.0	0.0	0.0	0.0	0.0	0.0	218.774634722452	170.112613167364	1.115696624236724	0.0	0.0	0.0	0.0	0.0	0.0	0.0	0.0	0.0	0.0
785991_20171129_S	0.0	18.4289722824724	0.96994590960381	0.0	0.0	0.0	0.0	0.0	0.0	0.96994590960381	13.5792427344533	0.0	0.0	0.0	0.0	0.0	0.0	0.0	159.071129175025	0.0	0.0	0.0	0.0	9.21448614123619	0.0	180.086623883107	18.4289722824724	0.0	0.0	0.0	3.2331530320127	3.7181259868146	0.0	0.0	0.0	1478.7640603550074	17.59481304911312	0.0	0.0	0.0	0.0	0.0	0.0	0.0	0.0	1.93989181920762	327.033429188085	432.595875683299	0.7997642295051418	0.0	0.0	0.7997642295051418	0.0	0.0	0.0	0.0	0.0	0.0	0.0
785991_20171206_S	0.0	27.974012941235	0.0	0.0	0.0	0.0	0.0	0.0	1.59851502521343	1.59851502521343	6.39406010085371	0.0	0.0	0.0	0.0	0.0	0.0	0.0	230.186163630733	0.0	0.0	0.0	0.0	1.99814378151678	0.0	160.917179204818	20.7806953277745	0.0	0.0	0.0	3.99628756303357	4.79554507564028	0.0	0.0	0.0	1693.2254648043215	13.130744100052429	0.0	0.9607861536623726	0.0	0.0	0.0	0.0	0.0	0.0	0.0	311.044381989446	278.940871899743	2.562096409766327	0.0	0.0	0.6405241024415818	0.0	0.0	0.0	0.0	0.0	0.0	0.0
785991_20171213_S	0.748461742381396	1.12269261357209	0.0	0.0	0.0	0.748461742381396	0.0	0.0	1.12269261357209	0.0	16.2790428967954	0.0	0.0	0.0	0.561346306786047	0.0	0.0	0.0	290.216040608386	0.0	1.12269261357209	0.0	0.0	19.3664475841186	0.561346306786047	222.854483794061	5.61346306786047	0.0	0.0	0.0	2.24538522714419	2.24538522714419	0.561346306786047	0.7277345961630921	0.0	1887.0158078508975	18.921099500240395	0.0	0.7277345961630921	0.0	0.0	0.0	0.0	0.0	0.0	0.0	236.046122003533	406.414726113098	0.0	0.0	0.0	0.2425781987210307	0.0	0.0	0.0	0.0	0.0	0.0	0.0
785991_20180215_S	0.0	264.97790388584	2.98847260021625	0.0	0.0	0.0	0.0	0.996157533405415	11.953890400865	31.8770410689733	143.44668481038	0.0	0.0	0.0	0.0	0.0	0.0	0.0	77.7002876056224	0.0	0.996157533405415	0.0	0.0	7.96926026724332	0.0	141.122317232434	3.98463013362166	0.0	0.0	0.0	11.2897853785947	27.2283059130813	0.0	0.0	0.0	4060.611016526352	5.053368161759233	0.0	2.2969855280723785	0.0	0.0	0.0	0.0	0.0	0.0	3.98463013362166	324.581329634598	123.523534142272	18.37588422457903	0.0	0.0	1.837588422457903	0.0	0.0	0.05351	0.0	0.0	0.0	0.0
785991_20180321_S	0.679610427076688	0.679610427076688	4.75727298953682	0.02502	0.0	0.0	2.03883128123006	0.0	0.339805213538344	0.0	13.2524033279954	0.0	0.0	0.0	1.01941564061503	0.339805213538344	0.0	0.0	173.640464118094	2.37863649476841	0.0	0.0	0.0	3.56795474215261	1.01941564061503	274.336075729956	0.339805213538344	0.0	0.0	0.0	0.226536809025563	0.226536809025563	0.0	0.4684360014927494	0.0	1370.6437403677849	6.870394688560324	0.3122906676618329	0.4684360014927494	0.339805213538344	0.0	0.0	0.0	0.0	0.0	0.0	245.962340399505	81.5532512492026	0.6245813353236659	0.0	0.0	0.7807266691545823	0.679610427076688	0.01165	0.02148	0.0	0.0	0.0	0.0
788707_20171213_S	0.0	141.995822280057	70.9979111400283	0.0	0.0	0.0	0.0	0.0	0.0	35.4989555700142	35.4989555700142	70.9979111400283	0.0	0.0	0.0	0.0	0.0	0.0	70.9979111400283	0.0	0.0	0.0	0.0	70.9979111400283	0.0	402.321496460161	141.995822280057	0.0	0.0	0.0	47.3319407600189	47.3319407600189	0.0	0.0	0.0	4174.926413167537	0.0	0.0	0.0	0.0	0.0	0.0	0.0	0.0	0.0	0.0	609.398737285243	141.995822280057	105.12404637472216	0.0	0.0	0.0	0.0	0.0	0.0	0.0	1.0	0.0	1.0
788707_20180129_S	0.0	0.0	10.3427543437357	0.0	0.0	0.0	0.0	0.0	34.4758478124524	0.0	1.72379239062262	10.3427543437357	0.0	0.0	1.72379239062262	0.430948097655655	0.0	0.0	13.790339124981	0.0	7.75706575780179	0.0	0.0	345.620374319835	1.72379239062262	520.872600699802	4.30948097655655	0.0	0.0	0.0	0.718246829426091	1.5801430247374	0.0	0.7339209838651141	0.0	2287.6317067075606	25.68723443527899	0.0	0.0	0.0	0.0	0.574597463540873	0.0	0.0	0.0	1.72379239062262	231.993725904628	27.5806782499619	0.0	1.72379239062262	0.0	1.8348024596627852	0.0	0.0	0.01148	0.0	1.0	0.0	1.0
788707_20180301_S	0.0	0.0	0.0	0.0	0.0	0.0	0.0	0.0	4.37555665284791	0.0	0.0	17.5022266113917	0.0	0.0	0.0	0.0	0.0	0.0	78.7600197512625	0.0	0.0	0.0	0.0	59.0700148134469	0.0	198.358568262439	8.75111330569583	0.0	0.0653	0.0	8.75111330569583	13.1266699585437	0.0	0.0	0.0	1289.6425693565095	3.5973293426959825	0.0	0.0	0.0	0.0	0.0	0.0	0.0	0.0	0.0	239.197097022353	78.7600197512625	3.5973293426959825	0.0	0.0	0.0	0.0	0.0	0.0	0.0	1.0	0.0	1.0
788707_20180308_S	5.50424081441482	5.50424081441482	8.25636122162224	0.0	1.37606020360371	0.0	0.0	0.0	2.75212040720741	5.50424081441482	13.7606020360371	2.75212040720741	0.0	0.0	2.75212040720741	0.0	0.0	4.12818061081112	5.50424081441482	2.75212040720741	0.0	0.0	0.0	24.0810535630649	5.50424081441482	360.069086609636	12.3845418324334	0.0	0.0	0.0	19.2648428504519	19.2648428504519	0.0	0.614854138152806	0.0	1802.1374789258743	7.993103795986477	2.459416552611224	0.0	1.37606020360371	0.0	0.0	0.0	0.0	0.0	0.0	821.966628285947	86.6917928270335	1.229708276305612	11.0084816288296	2.75212040720741	1.229708276305612	5.50424081441482	0.0	0.0	0.0	1.0	0.0	1.0
788707_20180313_S	0.0	0.0	0.0	0.0	0.0	0.0	0.0	0.0	0.0	0.0	44.5103538470269	0.0	0.0	0.0	0.0	0.0	0.0	0.0	70.6929149335134	0.0	0.0	0.0	0.0	6.54564027162161	0.0	713.474789606755	5.23651221729729	0.0	0.0	0.0	0.872752036216214	0.872752036216214	0.0	0.5528735047536064	2.61825610864864	2208.176777985904	3.870114533275245	0.0	0.0	0.0	0.0	0.872752036216214	0.0	0.0	0.0	0.0	370.919615391891	108.657628508919	0.0	1.30912805432432	0.0	0.5528735047536064	0.0	0.0	0.0	0.0	1.0	0.0	1.0
788707_20181116_S	2.07315391110924	6.21946173332773	6.21946173332773	0.07725	0.0	0.0	2.07315391110924	2.07315391110924	50.7922708221765	0.0	16.585231288874	13.4755004222101	0.1241	1.03657695555462	0.0	0.0	3.10973086666387	0.0	72.5603868888236	10.3657695555462	0.0	0.0	0.0	209.388545022034	0.0	195.221993296121	8.29261564443698	0.0	0.011705	0.0	10.0202439036947	9.50195542591737	1.03657695555462	0.0	12.4389234666555	3312.8040565997853	30.325252113118705	0.0	0.9189470337308698	0.0	0.0	1.38210260740616	2.07315391110924	0.0	0.0	3.10973086666387	296.633772114548	10.3657695555462	1.83789406746174	0.0	0.0	2.756841101192609	0.0	0.0	0.07777	1.0	1.0	0.0	1.0
788707_20181129_S	0.0	0.0	0.0	0.0	0.0	0.0	0.0	0.0	15.1823827101292	0.0	22.7735740651938	15.1823827101292	0.0	0.0	7.59119135506461	3.7955956775323	0.0	0.0	106.276678970904	0.0	0.0	0.0	0.0	26.5691697427261	7.59119135506461	161.945415574712	0.0	0.0	0.0	0.0	0.0	15.1823827101292	3.7955956775323	0.0	0.0	2588.3257583039253	0.0	0.0	0.0	0.0	0.0	10.1215884734195	0.0	0.0	0.0	0.0	576.93054298491	30.3647654202584	0.0	0.0	0.0	0.0	15.1823827101292	0.0	0.0	0.0	0.0	0.0	0.0
802187_20180321_S	0.387354859275552	0.0	3.48619373347996	0.0	0.0	0.0	0.0	1.16206457782665	61.9767774840883	0.0	2.71148401492886	8.52180690406214	0.0	0.193677429637776	0.774709718551103	0.387354859275552	1.67853772352739	0.774709718551103	2541.04787684762	8.13445204478658	0.0	1.16206457782665	0.0	224.084786090907	0.774709718551103	258.882164282494	3.09883887420441	0.0	0.0	0.0	95.9348868139116	93.4170802286205	0.581032288913327	0.1694640377823461	22.8539366972575	1285.554190616878	33.72334351868689	4.575529020123346	0.3389280755646923	0.0	0.0	4.90649488415699	0.0	0.0	0.5083921133470385	6.19767774840883	201.166290250436	124.728264686728	2.2030324911705	0.0	1.54941943710221	2.7114246045175383	0.0	0.0	0.03062	0.0	0.0	0.0	0.0
802971_20180605_S	0.0	0.0	15.7362010236736	0.0	0.0	0.0	0.0	0.0	15.7362010236736	0.0	7.86810051183682	0.0	0.3195	0.0	7.86810051183682	0.0	0.0	0.0	90.4831558861234	0.0	0.0	0.0	0.0	59.0107538387761	7.86810051183682	313.412670388167	0.0	0.0	0.104	0.0	62.9448040946945	70.8129046065314	0.0	5.578683849012921	0.0	1112.947427878078	11.157367698025842	0.0	0.0	0.0	1.3946709622532305	2.62270017061227	0.0	0.0	0.0	15.7362010236736	182.277661857553	7.86810051183682	2.789341924506461	0.0	0.0	0.0	0.0	0.0	0.1948	1.0	1.0		
810653_20180115_S	0.0	1.10911199102925	0.0	0.0	0.0	0.0	0.0	0.0	244.559194021951	0.0	2.21822398205851	38.2643636905093	0.0	0.554555995514627	0.0	0.0	6.46981994767065	0.0	71.5377234213869	28.282355771246	3.88189196860239	0.554555995514627	0.0	524.609971756837	0.0	310.181653491181	1.66366798654388	0.0	0.0295	0.0	94.1820932382342	93.0729812472049	2.21822398205851	0.0	0.554555995514627	2506.068512154748	106.82717935943508	0.4855780879974323	0.0	0.0	0.0	3.51218797159264	0.0	0.0	0.0	6.1001159506609	250.382031974854	42.1462556591117	5.826937055969188	0.0	0.0	4.612991835975606	0.0	0.0	0.02929	0.0			
825012_20171123_S	0.0	2.10677494580297	0.0	0.0	2.80903326107063	0.0	0.0	0.0	32.3038825023122	0.0	0.0	4.21354989160594	0.0	0.0	0.0	0.0	0.936344420356876	0.0	388.348848343014	3.51129157633828	0.0	0.0	0.0	62.1498609011876	0.0	581.001712831442	1.40451663053531	0.0	0.0	0.3137708700772096	16.5030704087899	14.396295462987	0.0	0.0	0.0	3124.216553358776	17.884939594400947	1.568854350386048	0.3137708700772096	2.80903326107063	0.0	1.63860273562453	0.0	0.0	0.0	5.61806652214125	295.767793780228	7.72484146794423	1.568854350386048	0.0	0.0	2.196396090540467	0.0	0.0	0.0	0.0			
825012_20171129_S	0.0	0.0	0.0	0.0	0.0	0.0	0.0	0.0	25.3439268936326	0.0	25.3439268936326	50.6878537872652	0.0	0.0	0.0	0.0	0.0	0.0	101.37570757453	0.0	0.0	25.3439268936326	0.0	107.711689297938	0.0	1237.62842997239	25.3439268936326	0.0	0.0	0.0	8.44797563121086	8.44797563121086	0.0	0.0	76.0317806808978	3247.373447946514	16.85487948761166	11.23658632507444	0.0	0.0	0.0	8.44797563121086	0.0	0.0	0.0	25.3439268936326	310.463104446999	177.407488255428	0.0	0.0	0.0	0.0	0.0	0.0	0.0	0.0			
825012_20171206_S	0.0	0.0	2.14543548928174	0.0	0.0	0.0	0.0	0.0	2.86058065237566	0.0	2.14543548928174	0.0	0.0	0.0	0.0	0.0	0.0	0.0	131.58671000928	4.29087097856349	0.0	0.0	0.0	80.0962582665184	0.0	127.295839030717	0.715145163093915	0.0	0.0	0.0	0.47676344206261	0.834336023609567	0.0	0.0	0.0	1739.2445876738404	3.522034327027291	0.3201849388206628	1.2807397552826514	0.0	0.0	0.47676344206261	0.0	0.0	0.0	0.0	240.646347381102	105.841484137899	0.0	0.0	0.0	1.921109632923977	0.0	0.0	0.0	0.0			
825012_20181113_S	0.0	0.0	15.9996397795387	0.0	15.9996397795387	0.0	0.0	0.0	0.0	0.0	31.9992795590774	0.0	0.0	0.0	0.0	0.0	0.0	0.0	1167.97370390632	0.0	0.0	0.0	0.0	15.9996397795387	0.0	293.326729291543	0.0	0.0	0.0	0.0	0.0	0.0	0.0	0.0	79.9981988976935	2012.0169781158704	0.0	0.0	0.0	15.9996397795387	0.0	0.0	0.0	0.0	0.0	0.0	317.326188960851	63.9985591181548	0.0	0.0	0.0	0.0	0.0	0.0	0.0	0.0			
825012_20181120_S	11.6706320881028	46.6825283524114	0.0	0.0	0.0	0.0	23.3412641762057	0.0	0.0	0.0	23.3412641762057	0.0	0.0	11.6706320881028	0.0	23.3412641762057	0.0	0.0	46.6825283524114	23.3412641762057	0.0	0.0	0.0	87.5297406607714	0.0	194.510534801714	46.6825283524114	0.0	0.0	0.0	15.5608427841371	15.5608427841371	11.6706320881028	0.0	0.0	7025.968879925718	0.0	0.0	0.0	23.3412641762057	0.0	0.0	0.0	0.3261	0.0	0.0	266.479432678348	23.3412641762057	23.65646087517077	0.0	0.0	0.0	35.0118962643085	1.909	0.5931	0.0			
825012_20181126_S	0.0	0.0	0.0	0.0	0.0	0.0	0.0	0.0	0.0	0.0	0.0	0.0	0.0	0.0	0.0	0.0	0.0	0.0	97.760236502628	0.0	0.0	0.0	0.0	69.82874035902	0.0	400.351444725048	0.0	0.0	0.0	0.0	0.0	0.0	0.0	0.0	0.0	4049.211503382968	0.0	0.0	0.0	0.0	0.0	0.0	0.0	0.0	0.0	0.0	193.192848326622	0.0	12.936777966079768	27.931496143608	0.0	0.0	0.0	0.0	0.0	0.0			
848255_20190228_S	0.0	0.0	3.26076996574149	0.0	0.0	0.0	0.0	0.0	112.496563818081	0.0	0.0	16.8473114896643	0.0	0.0	0.0	0.0	0.0	0.543461660956914	194.015812961618	11.4126948800952	4.34769328765532	0.0	0.0	183.961772233916	0.0	260.499289485348	0.0	0.0	0.0	0.0	25.1803902910037	24.6369286300468	0.543461660956914	0.2439145752617935	1.63038498287074	2673.5476594445186	56.832096035997886	0.0	0.2439145752617935	0.0	0.0	0.543461660956914	0.0	0.0	0.0	0.0	221.732357670421	26.6296213868888	0.975658301047174	0.0	0.0	1.2195728763089675	0.0	0.0	0.0	0.0			
875028_20180115_S	0.0	1.07163466973918	0.0	0.0	0.0	0.0	0.0	0.0	205.753856589922	0.0	0.535817334869589	17.1461547158268	0.0	0.0	0.0	0.0	8.75168313620328	0.0	33.2206747619145	25.7192320737403	1.60745200460877	0.0	0.0	282.643644143708	0.0	290.412995499317	2.67908667434794	0.0	0.0	0.0	70.9064939810756	67.6915899718581	0.0	0.0	0.0	1761.369610421886	82.76786156521196	1.0861924089922828	0.0	0.535817334869589	0.0	3.21490400921753	0.0	0.0	0.0	2.14326933947836	252.369964723576	5.35817334869589	2.8241002633799352	1.07163466973918	0.0	2.8241002633799352	0.0	0.0	0.01546	0.0	1.0		
877469_20190115_S	41.0942270731964	27.396151382131	82.1884541463929	0.0	0.0	0.0	0.0	0.0	0.0	13.6980756910655	136.980756910655	27.396151382131	0.0	0.0	13.6980756910655	13.6980756910655	0.0	13.6980756910655	0.0	0.0	27.396151382131	27.396151382131	0.0	205.471135365982	41.0942270731964	191.773059674917	82.1884541463929	13.6980756910655	0.0	0.0	68.4903784553274	95.8865298374583	0.0	0.0	82.1884541463929	10568.246484025687	20.323550930818637	67.74516976939543	0.0	0.0	0.0	0.0	0.0	0.0	0.0	27.396151382131	244.282349824001	136.980756910655	27.09806790775817	54.7923027642619	0.0	13.549033953879087	82.1884541463929	0.0	0.0	0.0	0.0	0.0	0.0
892355_20180123_S	0.0	22.1465408131482	49.8297168295834	0.0	0.0	0.0	0.0	0.0	0.0	0.0	22.1465408131482	0.0	0.0	0.0	13.8415880082176	5.53663520328705	18.4554506776235	0.0	11.0732704065741	5.53663520328705	0.0	0.0	1.375	35.9881288213658	13.8415880082176	36.910901355247	215.928772928195	0.0	0.02784	0.0	3.6910901355247	3.6910901355247	0.0	0.0	0.0	5960.42016834472	3.302171838418128	9.906515515254382	0.0	33.2198112197223	0.0	0.0	0.0	0.0	0.0	0.0	32.2970386858411	11.0732704065741	6.604343676836256	0.0	0.0	0.0	0.0	0.2544	0.1985	0.0	0.0	0.0	0.0
895293_20180502_S	25.9957728037518	373.393827544799	118.162603653417	2.923	34.5034802667979	23.9476210070926	68.0616597043684	12.2889107799554	38.7573339983209	0.0	263.738931354427	15.1248132676374	1.133	50.1009439490489	93.5847820935065	18.9060165845468	52.6217461603218	15.1248132676374	732.608142651187	23.6325207306835	37.8120331690935	28.3590248768202	1.391	445.236690566076	101.147188727325	261.218129143155	105.873692873462	14.1795124384101	0.1609	11.126778126288931	112.01814826344	122.41645738494	34.5034802667979	1.5347280174191629	26.4684232183655	16982.53287675175	17.265690195965583	13.045188148062886	0.0	85.5497250450741	1.5347280174191629	3.78120331690935	49.1556431198216	7.766	1.918410021773954	98.3112862396432	265.629533012882	92.6394812642792	22.253556252577862	135.178018579509	19.8513174137741	1.918410021773954	96.4206845811885	0.8296	5.763	1.0	1.0		
896213_20180427_S	42.3346810545447	127.004043163634	190.506064745451	0.0	21.1673405272724	0.0	0.0	0.0	127.004043163634	0.0	63.5020215818171	42.3346810545447	0.0	0.0	21.1673405272724	21.1673405272724	0.0	0.0	127.004043163634	0.0	0.0	42.3346810545447	0.0	571.518194236354	21.1673405272724	225.784965624239	0.0	0.0	0.0	0.0	88.1972521969682	88.1972521969682	21.1673405272724	0.0	0.0	6631.723608936049	31.96011377800505	31.96011377800505	0.0	21.1673405272724	0.0	0.0	0.0	0.0	0.0	0.0	201.089735009087	211.673405272724	7.990028444501262	105.836702636362	0.0	15.980056889002524	84.6693621090894	0.0	0.0	0.0			
913873_20180417_S	96.7283812931453	96.7283812931453	290.185143879436	0.0	48.3641906465726	0.0	0.0	0.0	96.7283812931453	0.0	0.0	0.0	0.0	0.0	0.0	0.0	16.1213968821909	0.0	0.0	0.0	0.0	0.0	0.0	386.913525172581	0.0	257.942350115054	96.7283812931453	0.0	0.0	0.0	177.3353657041	225.699556350672	0.0	0.0	290.185143879436	6587.391468478671	75.50018875047188	0.0	0.0	48.3641906465726	0.0	0.0	0.0	0.0	0.0	0.0	161.213968821909	0.0	37.75009437523594	0.0	0.0	0.0	48.3641906465726	0.0	0.0	0.0			
980574_20180403_S	5.26933589392944	82.2016399452992	26.3466794696472	0.2539	6.32320307271533	5.62062495352474	10.5386717878589	7.37707025150122	16.8618748605742	11.5925389666448	86.4171086604428	13.7002733242165	0.2288	18.442675628753	36.3584176681131	4.74240230453649	20.7260545161225	3.16160153635766	94.8480460907299	6.32320307271533	1.05386717878589	4.21546871514355	0.7677	163.349412711813	40.5738863832567	224.122420021799	26.3466794696472	6.32320307271533	0.02892	2.615466298409012	26.5223239994448	27.5761911782307	16.3349412711813	0.0	20.0234763969319	5529.96757693612	10.897776243370885	4.359110497348353	0.8718220994696706	23.1850779332895	0.0	2.81031247676237	6.32320307271533	2.115	0.0	0.0	250.117810431851	23.1850779332895	3.923199447613518	50.5856245817226	2.10773435757178	1.307733149204506	43.2085543302214	0.4438	1.514	1.0	1.0		
983493_20180123_S	237.7559058271	5182.64249766229	1020.82352226681	47.63	81.7967565918921	115.606082649874	372.993210059028	157.049772656433	549.674204297515	65.4374052735137	2885.78957256195	143.96229160173	21.08	598.75225825265	1563.95398603698	301.012064258163	501.686773763605	183.224734765838	3494.35744160563	353.361988476974	235.574658984649	268.293361621406	147.7	5964.61949068078	1845.33482871309	2935.95824993832	1995.84086084217	114.515459228649	6.64	28.088883441347857	1892.23163582577	2078.72824085529	690.36462563557	20.428278866434805	484.236799024001	172455.53019044263	135.33734749013058	120.0161383403045	2.5535348583043507	500.59615034238	2.5535348583043507	58.8936647461623	215.943437402595	39.11	7.6606045749130525	0.0	714.358340902525	1040.45474384887	217.05046295586985	1426.5354349626	85.0686268555678	30.64241829965221	817.967565918921	49.02	90.19	1.0	1.0		
