	Rhamnolipids in Pseudomonas	Aestuariirhabdaceae	Colwelliaceae	Trans-envelope signaling system VreARI in Pseudomonas	mag_3096	Salmochelin-mediated Iron Acquisition	Biogenesis of cbb3-type cytochrome c oxidases	Marinobacteraceae	Siderophore Pyoverdine	Pseudomonadaceae	Sulfur transfer pathway CsdAEL	Two partner secretion pathway (TPS)	Beta-lactamases Ambler class D	Adenylylsulfate reductase	Type 4 conjugative transfer system, IncI1 type	Sulfate assimilation related cluster	ABC-type iron transport system	Acyclic terpene utilization	Stress proteins YciF, YciE	Type III secretion system	Type III secretion systems	mag_118	CMP-pseudaminic acid synthesis	Phenazine biosynthesis	Heme and heme d1 biosynthesis from siroheme	Geothermobacteraceae	Outer membrane porins in Pseudomonas and Acinetobacter	Potential DNA repair cluster	mag_2909	Extracellular matrix proteins (PSL) involved in mannose-rich biofilm formation in Pseudomonas	Cytochrome c oxidase EC 1.9.3.1	Proteasome bacterial	L-2-amino-4-methoxy-trans-3-butenoic acid synthesis	mag_457	mag_129	Cholera toxin	Extracellular matrix proteins (PEL) involved in glucose-rich biofilm formation in Pseudomonas	Malonate decarboxylase	mag_12	Mycobacterial FadD proteins (fatty acid CoA- and AMP- ligases)	Mycobacterial FadE proteins Acyl-CoA dehydrogenase	mag_167	Mycobacterial gene cluster associated with resistance against FAS-II antibiotics	Pseudomonas Culture	N12M_Pseudomonas aeruginosa	N12M_mucoid	N12M_non_mucoid
1068841_20180306_S	0.0	0.0	2.6952121980991746	2.37315376918081	0.0	0.0	3.95525628196801	111.85130622111576	0.1977628140984	3071.1942997340093	207.057666361025	289.524759840058	0.0	34.4107296531217	2.37315376918081	34.4107296531217	34.4107296531217	2.37315376918081	0.0	1.1865768845904	1.1865768845904	0.0	0.0	0.0	8.50380100623122	0.0	2.37315376918081	289.129234211861	0.0	0.0	4.54854472426321	3399.5427743515	0.0	0.0	0.019005	0.0	1.1865768845904	205.475563848238	0.0	0.0	70.0080361908338	0.0	0.0	0.0	1.0		
1447437_20171212_S	49.9034319579317	1.2711834781740974	0.0	254.507502985452	0.9988	6.23792899474146	155.532362935554	24.7880778243949	30.3579211077418	23043.378500600957	37.4275739684488	311.896449737073	18.7137869842244	28.6944733758107	2.49517159789658	28.6944733758107	14.9710295873795	119.768236699036	0.0	69.8648047411043	84.8358343284838	1.484	2.49517159789658	49.6955009914403	3.32689546386211	0.0	299.42059174759	231.6350966714	0.3513	54.8937751537248	159.898913231873	2868.19975178212	0.0	1.904	0.1086	22.4565443810692	89.826177524277	190.880627239089	4.755	19.3375798836985	63.6268757463629	4.89	7.48551479368975	1.0	1.0	1.0	
1128691_20171206_S	1686.63605965533	14.3330645883723	50.165726059303054	7698.99754289728	232.3	446.462486379353	3755.24557987967	419.2421392098898	1564.2722670921	498342.7394069695	1051.66719013803	6637.40896417305	1091.35274448286	416.698320620729	277.79888041382	2361.29048351747	754.025532551796	4028.08376600038	783.789698310419	2902.00616146579	3814.77391139692	1885.0	2430.74020362092	1832.14975891971	89.2924972758706	28.6661291767446	10973.0557763459	4213.2830196096	41.2	2847.43852424165	3904.06640867279	7783.32934588005	381.973460569002	304.3	10.68	932.610527103537	5317.8642822074	2734.99612026463	819.5	709.379283913861	1031.82441296562	425.6	446.462486379353	1.0	1.0	1.0	
1128691_20171218_S	1259.58959348839	16.92782539512366	33.85565079024732	5331.28618639271	107.7	219.69585932937	3832.47221274568	445.7660687382563	1454.87480178116	431952.96321583545	849.490656073564	5184.82228017313	878.78343731748	248.988640573286	336.866984305034	1435.34628095188	629.794796744194	3354.02345242838	893.429827939438	2116.40344487293	2541.14877290971	1013.0	2270.19054640349	1615.9850986227	39.0570416585547	39.49825925528854	8839.09674035165	2602.1754005012	19.99	2372.7152807572	3934.99694709938	6935.06595949711	168.433492152517	151.2	5.605	395.452546792866	4086.34298352628	1716.06876787275	401.1	512.62367176853	922.722609183354	172.9	424.745328036782	1.0	1.0	1.0	
1128691_20180116_S	1780.91301818803	52.02642942614848	52.02642942614848	8310.9274182108	262.5	289.579352550899	4167.52951546169	426.6167212944176	1809.87095344312	503787.5240622236	1404.45985987186	7123.65207275212	752.906316632338	296.818836364672	173.747611530539	2555.53778626168	694.990446122158	4372.64822351858	897.695992907787	3496.67068205211	4510.19841598025	2402.0	2881.31455788145	2321.46114294971	159.268643902995	67.63435825399303	12299.8829995994	3836.92642129941	45.24	3764.53158316169	4355.75609461977	7550.78161776469	354.734706874851	421.2	15.725	752.906316632338	4879.41209048265	2444.53236778384	1116.0	658.793027053295	1028.00670155569	461.1	506.763866964073	1.0	1.0	1.0	
1162967_20180116_S	1041.91968953911	11.449420277686606	30.53178740716428	5626.36632351122	23.07	138.922625271882	2308.76172475651	240.43782583141876	790.53589142809	287681.9503705796	744.228349670796	4911.90710782725	208.383937907823	138.922625271882	59.5382679736637	1220.53449346011	327.46047385515	2123.53155772734	451.498532133616	1905.22457515724	2718.91423746398	34.9	0.0	1017.11207788342	72.7689941900334	45.79768111074642	5834.75026141904	2933.91353847998	9.696	1925.07066448179	2492.33805100864	4797.79209421107	243.114594225793	65.72	2.9235	793.843572982183	3016.60557733229	1516.57199255138	172.6	267.922205881487	962.535332240896	53.12	545.767456425251	1.0	1.0	1.0	
1590009_20171212_S	0.0	0.0	1.151767214024839	0.0	0.0	5.24397689923287	10.4879537984657	13.821206568298068	1.74799229974429	2419.8629166661867	31.4638613953973	191.405156822	0.0	23.5978960465479	0.0	34.0858498450137	5.24397689923287	2.62198844961644	0.0	5.24397689923287	5.24397689923287	0.4099	10.4879537984657	2.62198844961644	13.1099422480822	0.0	20.9759075969315	294.536702506913	0.0	0.0	13.1099422480822	3425.62790942388	0.0	0.0	0.0	0.0	0.0	270.501808385429	0.2138	0.0	76.0376650388767	0.0	0.0	0.0	1.0		
1282052_20180206_S	54.8524673401237	0.5752240641535895	2.300896256614358	552.664482257095	0.8552	22.7689487072212	106.600078038354	34.51344384921536	62.787100980519	32030.77678832848	54.8524673401237	300.136142049733	12.4194265675752	22.7689487072212	0.0	99.3554125406014	21.7339964932566	193.53606401138	0.0	140.236024992203	175.424400266999	1.35	0.0	90.3858266862416	6.55469735510912	2.300896256614358	499.364443237919	220.099837503138	14.86	117.984552391964	117.467076284982	2846.11858840264	14.4893309955044	2.4	0.33525	0.0	220.444821574459	163.694941842067	5.584	30.0136142049733	39.3281841306547	6.502	19.6640920653274	1.0	1.0		
1316935_20180417_S	40.6282345395048	0.0	2.7378582829795564	146.886694104364	0.7299	18.7514928643868	93.7574643219342	45.17466166916268	31.2524881073114	12010.984287431314	65.6302250253539	212.516919129717	18.7514928643868	14.0636196482901	34.3777369180425	42.1908589448704	43.753483350236	46.8787321609671	29.6898637019458	57.8171029985261	57.8171029985261	2.337	0.0	42.1908589448704	4.16699841430819	0.0	112.508957186321	313.566630676691	1.18	34.3777369180425	98.4453375380309	4008.13159976269	10.938370837559	1.132	7.278	0.0	46.8787321609671	256.791277281742	2.623	7.81312202682785	75.0059714575473	2.054	9.37574643219342	1.0	1.0		
1651490_20171215_S	0.94193790786356	0.0	0.5199732109801704	2.82581372359068	0.0	0.0	0.313979302621187	18.71903559528613	0.313979302621187	4203.983410774677	24.9613545583843	178.026264586213	0.0	0.0	0.0	0.0	4.7096895393178	1.41290686179534	1.88387581572712	0.94193790786356	0.94193790786356	0.02923	0.0	0.94193790786356	0.0	0.0	13.6580996640216	49.2947505115263	0.0	0.94193790786356	0.784948256552967	2765.05872853348	0.0	0.04919	0.010445	0.0	0.0	82.812041066338	0.04767	0.0	6.59356535504492	0.0242	0.0	0.0	1.0	0.0	1.0
1447437_20171006_S	7.00312283837201	0.0	0.4311653191313226	21.009368515116	0.1045	2.6261710643895	18.0914006657943	12.503794254808357	3.501561419186	4810.942630867298	32.3894431274705	109.423794349563	0.0	17.50780709593	3.501561419186	17.50780709593	5.25234212877901	20.1339781603195	0.0	14.006245676744	15.757026386337	0.2439	5.25234212877901	2.6261710643895	0.583593569864334	0.4311653191313226	41.1433466754355	158.445654218167	0.07192	3.501561419186	19.8421813753874	3175.47851202431	0.0	0.2998	0.015895	0.0	12.255464967151	214.908332102541	0.4139	0.875390354796501	81.4113029960746	0.4337	0.0	1.0	1.0		
1465461_20180406_S	0.0	0.0	0.6412247221199231	72.6610995823604	0.05018	0.0	4.52113508512465	25.43524731075695	1.29175288146418	2015.3693016229183	226.702630696964	331.334614095563	0.968814661098138	13.3212015900994	45.5342890716125	13.3212015900994	13.0789979248249	9.68814661098138	0.968814661098138	1.93762932219628	1.93762932219628	0.0	0.968814661098138	1.45322199164721	4.03672775457558	0.4274831480799487	42.6278450883181	426.601389103547	0.0	1.93762932219628	7.18537540314452	3337.56650748309	0.484407330549069	0.03449	0.2411	0.0	4.35966597494162	321.081325598941	0.11	0.0	239.29722129124	0.05804	0.968814661098138	1.0	1.0		
1470026_20180502_S	0.0	0.0	0.0	0.0	0.0	0.0	0.0	3.917657115679796	0.0	404.3022143381549	8.04010996458404	78.3910721546944	0.0	0.0	0.0	0.0	0.0	0.0	0.0	2.01002749114601	2.01002749114601	0.0	0.0	0.0	1.34001832743067	0.0	22.1103024026061	170.852336747411	0.0	0.0	6.03008247343803	3159.76321608153	0.0	0.0	0.0	0.0	0.0	209.7128682429	0.0	0.0	4.02005498229202	0.0	0.0	0.0	0.0	0.0	0.0
1565754_20171128_S	14.331733006853	0.9499427659483516	8.549484893535164	122.843425773026	8.882	18.4265138659539	413.572866769186	86.44479170129999	30.7108564432564	13977.457858164044	321.440297439417	337.819420875821	8.18956171820171	12.2843425773026	16.3791234364034	40.9478085910086	36.8530277319077	40.9478085910086	28.663466013706	67.5638841751641	71.658665034265	2.392	24.5686851546051	26.2748438458972	0.0	0.9499427659483516	235.449899398299	288.68205056661	0.3219	63.4691033160633	370.577667748628	3493.87176802781	4.09478085910086	6.174	0.030205	26.6160755841556	77.8008363229163	209.51628729066	3.463	10.2369521477521	378.767229466829	1.587	0.0	1.0	1.0	1.0	
1565754_20180403_S	152.230034079595	0.0	5.650707186004329	888.008532130969	40.12	44.4004266065484	431.318429892185	62.15777904604761	186.058930541727	57987.557142776415	133.201279819645	1167.09692794356	114.172525559696	50.7433446931982	6.34291808664978	272.74547772594	69.7720989531475	418.632593718885	82.4579351264471	313.974445289164	358.374871895712	5.834	12.6858361732996	189.230389585052	8.45722411553304	5.650707186004329	1271.75507637328	814.007821120055	5.125	272.74547772594	431.318429892185	4129.239674409	38.0575085198987	30.51	0.834	69.7720989531475	513.776365018632	359.432024910154	18.18	79.2864760831222	196.630460686143	7.929	50.7433446931982	1.0	1.0	1.0	
1586713_20180309_S	0.0	0.0	4.973531045402477	0.0	0.0	0.0	0.376297937597734	0.5328783262931225	0.0	5851.892153242306	0.0	14.2993216287139	0.752595875195469	0.0	0.0	0.0	0.0	0.376297937597734	0.0	0.0	0.0	0.0	0.0	0.0	0.0	0.0	0.0	25.0865291731823	0.0	0.0	0.376297937597734	2558.2615287582	0.0	0.0	0.00883	0.0	1.50519175039094	249.924546887829	0.0	0.0	0.752595875195469	0.0	0.0	0.0	1.0		
1593967_20180424_S	47.1108471764173	0.0	6.944444444444445	345.479545960393	19.61	22.4337367506749	292.386368983796	94.24603174603176	99.456232927992	25366.071428571428	170.496399305129	513.732571590455	22.4337367506749	13.4602420504049	13.4602420504049	71.7879576021596	33.6506051260123	118.898804778577	22.4337367506749	117.777117941043	126.750612641313	4.244	6.73012102520246	65.8056278019797	6.73012102520246	0.0	435.214492963093	278.178335708369	2.068	62.8144629018897	292.386368983796	3676.88945343561	8.97349470026995	16.92	0.4075	13.4602420504049	139.089167854184	315.567896959493	7.45	19.0686762380736	217.607246481546	3.531	33.6506051260123	1.0	1.0	0.0	0.0
1593973_20180427_S	8.9877719757312	0.0	2.535298396170235	67.408289817984	0.1777	3.85190227531337	27.926291496022	10.14119358468094	6.63383169637303	5760.47965592057	14.7656253887013	283.756800948085	1.28396742510446	5.13586970041783	1.28396742510446	12.8396742510446	4.4938859878656	30.815218202507	4.4938859878656	23.1114136518802	26.3213322146414	0.555	1.28396742510446	17.868546666037	1.06997285425371	0.5633996435933855	50.7167132916261	279.690904101921	0.2066	24.3953810769847	28.8892670648503	4326.32823888947	3.53091041903726	0.1425	1.9705	0.0	47.5067947288649	321.09885356154	1.018	6.41983712552229	16.691576526358	1.079	5.13586970041783	1.0	1.0	0.0	0.0
1593973_20180504_S	17.3876818674377	0.2974515983041095	3.123241782193149	93.0562974016574	0.4313	3.21994108656254	40.7322547450161	8.179918953363009	14.2750721504273	8833.122663238833	9.65982325968762	238.91962862294	4.82991162984381	7.56686155342197	2.89794697790629	27.2085021814535	11.5917879116251	35.0973578435317	5.31290279282819	32.5214049742817	37.6733107127817	0.4707	1.28797643462502	20.3929602148961	0.858650956416678	0.594903196608219	87.421400500173	125.041045528179	0.2678	40.571257690688	42.9862135056099	3842.99968681239	3.70293224954692	0.3747	2.3015	0.0	47.6551280811256	373.03017487827	1.29	3.86392930387505	15.1337231068439	1.176	9.01583504237511	1.0	1.0	0.0	0.0
1588281_20180508_S	11.2471674335188	0.0	3.799959973754943	42.1768778756954	0.1467	4.21768778756954	171.284987372963	8.866573272094866	7.96674359874247	5402.276429354944	18.276647079468	320.544271855285	5.62358371675939	16.8707511502782	2.8117918583797	22.4943348670376	14.0589592918985	25.3061267254173	2.8117918583797	15.4648552210883	18.276647079468	1.152	8.43537557513909	7.96674359874247	3.74905581117293	1.2666533245849811	59.0476290259736	398.80581191352	0.0	26.7120226546071	169.879091443773	3263.78739961423	2.8117918583797	0.4206	0.5005	0.0	7.02947964594924	242.28273179705	1.188	3.51473982297462	234.784620174705	0.3022	4.21768778756954	1.0	1.0		
1651490_20171010_S	0.0	0.0	0.0	0.0	0.0	0.0	154.02334651659	0.0	0.0	10096.014667567308	0.0	718.77561707742	0.0	25.670557752765	0.0	77.011673258295	51.34111550553	51.34111550553	0.0	77.011673258295	77.011673258295	1.295	0.0	0.0	17.11370516851	0.0	282.376135280415	239.59187235914	0.0	51.34111550553	154.02334651659	3041.96109370265	0.0	1.35	0.0	0.0	0.0	149.744920224463	1.554	0.0	51.34111550553	0.0	0.0	0.0	1.0	0.0	1.0
1651490_20180206_S	0.0	0.0	0.0	19.1460703701053	0.0	0.0	13.8277174895205	28.10567734682406	0.0	6692.664418212478	134.022492590737	255.280938268071	0.0	0.0	0.0	0.0	12.7640469134035	0.0	0.0	25.5280938268071	25.5280938268071	0.8988	0.0	12.7640469134035	0.0	0.0	12.7640469134035	95.7303518505266	0.0	31.9101172835089	13.8277174895205	2514.5172419405	0.0	0.4603	0.0	0.0	12.7640469134035	65.9475757192516	0.3435	0.0	0.0	0.0	0.0	0.0	1.0	0.0	1.0
1658447_20171006_S	1.56066220123436	0.0	2.855401062494736	18.7279464148123	0.9409	0.0	8.58364210678897	8.566203187484206	3.38143476934111	3530.3464886419283	17.1672842135779	171.672842135779	1.56066220123436	0.0	1.56066220123436	9.36397320740615	0.0	16.3869531129608	0.780331100617179	6.24264880493743	6.24264880493743	0.1385	0.0	5.98253843806504	0.0	0.0	42.1378794333277	211.469728267255	0.1936	5.46231770432025	8.58364210678897	4282.06691463677	3.12132440246871	0.6239	0.018935	1.56066220123436	15.6066220123436	278.968368470641	0.3653	2.34099330185154	85.8364210678897	0.09681	0.0	1.0	1.0	1.0	0.0
1664053_20180406_S	14.2643987940536	0.0	1.9803254664904175	135.511788543509	0.7073	4.75479959801786	46.755529380509	4.950813666226044	28.5287975881072	9610.519488877995	19.0191983920714	437.441563017643	0.0	7.13219939702679	0.0	35.660996985134	26.1513977890982	104.605591156393	7.13219939702679	34.4722970856295	43.9818962816652	1.586	0.0	42.7931963821607	4.75479959801786	2.9704881997356263	194.946783518732	367.704502246715	0.2673	23.7739979900893	56.2651285765447	3660.00699057425	2.37739979900893	5.18	0.038935	23.7739979900893	64.1897945732411	175.531351826826	3.287	9.50959919603572	147.398787538554	1.171	4.75479959801786	1.0	1.0	1.0	
1690154_20180406_S	6.21121302350582	0.0	2.6222102960213203	9.31681953525874	0.1394	0.0	8.45415105977182	3.059245345358207	0.0	2652.3657144255653	4.14080868233722	272.258170863672	0.0	0.0	0.0	2.07040434116861	1.0352021705843	42.4432889939565	0.0	7.24641519409013	7.24641519409013	0.03179	2.07040434116861	1.0352021705843	1.0352021705843	1.7481401973475468	39.3376824822036	191.857468948291	0.2292	4.14080868233722	8.45415105977182	3794.53355627677	0.0	0.0444	0.0	0.0	10.352021705843	167.185150549365	0.2422	0.0	36.2320759704506	0.3169	2.07040434116861	1.0	1.0		
1085876_20180227_S	0.0	0.0	7.371152258521052	0.0	0.0	7.201237728166	317.25452880198	32.31966759505384	0.0	2278.253059595199	98.4169156182686	496.885403243454	0.0	2.70046414806225	0.600103144013833	2.70046414806225	7.201237728166	6.60113458415216	0.0	0.600103144013833	0.600103144013833	0.0	1.20020628802767	1.8003094320415	0.800137525351777	0.0	2.40041257605533	178.230633772108	0.0	0.0	271.346638284921	3709.2375331495	0.300051572006917	0.0	0.0	0.0	0.600103144013833	251.543234532465	0.03138	1.20020628802767	196.233728092523	0.0	0.0	1.0	1.0	1.0	
1834617_20180501_S	0.0	0.0	0.423674059072874	1.75550274771082	0.0	0.0	1.46291895642568	6.355110886093112	0.0	2443.751972732337	5.26650824313245	90.4083915071071	0.0	0.0	0.0	0.0	0.0	3.51100549542164	0.0	0.0	0.0	0.0	0.0	0.0	0.0	0.0	13.1662706078311	189.301712961483	0.0	0.0	2.34067033028109	2902.28491765291	0.0	0.0	0.0	0.0	0.0	384.747685539954	0.0	0.0	16.6772761032528	0.0	0.0	0.0	0.0	0.0	0.0
1845116_20180403_S	0.0	0.0	2.2712727404874054	60.653588305331	0.0	1.12321459824687	52.3230800350001	24.73163650752952	2.62083406257603	1346.3600078333675	172.975048130018	341.457237867049	0.0	3.93125109386405	24.7107211614312	3.93125109386405	4.49285839298748	9.5473240850984	0.0	0.0	0.0	0.0	1.68482189737031	0.561607299123436	2.62083406257603	1.5141818269916034	2.24642919649374	222.022085586798	0.0	0.0	44.7413814968337	3884.07608073768	0.0	0.0	0.0047125	0.0	0.0	232.0374157545	0.0	0.0	263.393823288891	0.0	0.0	0.0	0.0	0.0	0.0
1862551_20180123_S	0.0	0.0	0.0	0.0	0.0	0.0	8.29669339038192	0.0	0.0	859.8494286398256	0.0	66.3735471230553	0.0	0.0	0.0	0.0	0.0	20.7417334759548	0.0	0.0	0.0	0.0	0.0	0.0	2.76556446346064	0.0	8.29669339038192	106.474231843235	0.0	0.0	8.29669339038192	2491.08219046217	0.0	0.0	0.0	0.0	0.0	230.924632698963	0.0	0.0	0.0	0.0	0.0	0.0	0.0	0.0	0.0
623361_20180123_S	6.29326893980641	0.0	12.268126510807985	11.5376597229784	0.3245	2.0977563132688	45.9758258658079	20.76144486444428	6.29326893980641	3648.823934926082	47.199517048548	1091.88216105641	0.0	47.7239561268652	0.0	54.0172250666716	13.6354160362472	20.977563132688	3.1466344699032	7.34214709644081	8.39102525307521	0.3762	2.0977563132688	5.59401683538347	0.699252104422934	0.0	33.5641010123008	205.929744752554	0.01431	10.488781566344	42.3047523175875	3907.59557254146	1.0488781566344	0.0	0.0	0.0	14.6842941928816	191.070637533567	0.5876	0.0	136.354160362472	0.4532	6.29326893980641	1.0	1.0	1.0	
634207_20180510_S	0.0	0.0	4.152133239187556	0.0	0.0	0.0	0.541620550739519	8.534940547218866	0.361080367159679	609.6715639540396	1.62486165221856	365.052251198436	0.0	0.0	0.0	0.0	6.49944660887422	5.95782605813471	0.0	0.812430826109278	0.812430826109278	0.0	1.08324110147904	0.0	0.361080367159679	0.0	5.41620550739519	312.695597960282	0.0	0.541620550739519	0.541620550739519	4499.51272526855	0.0	0.0	0.0	0.0	0.0	174.040736970965	0.0	0.0	131.613793829703	0.0183	0.0	0.0	0.0	0.0	0.0
634207_20180517_S	0.0	0.0	2.722134962673697	0.0	0.0	0.0	3.24526402552485	5.055393502108293	0.0	798.7521733331104	0.0	351.373586763645	1.77014401392264	0.885072006961322	0.0	0.885072006961322	0.885072006961322	19.4715841531491	0.0	0.885072006961322	0.885072006961322	0.0	1.77014401392264	0.0	0.0	0.0	5.31043204176793	295.319026322761	0.0	1.77014401392264	3.24526402552485	3689.86519702175	0.0	0.0	0.0	0.0	0.0	165.803489304088	0.0	0.0	73.4609765777898	0.0	0.0	0.0	0.0	0.0	0.0
639354_20171206_S	871.96565859511	6.34147578824544	31.7073789412272	1247.17512380876	41.42	253.66273704585	1955.3169313951	240.97607995332675	905.435047510882	281081.6866634537	708.141807586332	6050.91320661455	253.66273704585	248.378096690728	285.370579176582	1220.75192203315	465.048351250725	1976.45549281558	475.617631960969	1632.95386973266	2039.87117707705	55.18	0.0	1102.72828743543	91.6004328221126	21.138252627484803	6148.67905318431	2238.92596378664	1.216	1474.414659079	2055.72509814241	5754.97334672773	155.896890476095	307.4	1.8305	470.332991605847	2785.00546714923	1358.15257126632	190.2	335.574662550239	491.471553026335	61.04	364.64018450341	1.0	1.0		
642660_20180601_S	0.0	0.0	2.8697142553773065	0.0	0.0	0.0	10.9899851517452	3.587142819221633	0.0	5014.825661271843	6.27999151528295	150.719796366791	0.0	4.70999363646221	0.0	4.70999363646221	0.0	0.0	0.0	0.0	0.0	0.1873	0.0	1.04666525254716	2.09333050509432	0.0	6.27999151528295	83.7332202037727	0.0	0.0	14.1299809093866	2171.30706640908	1.56999787882074	0.0	0.0	0.0	6.27999151528295	241.25634071212	0.05673	1.56999787882074	10.9899851517452	0.0	1.56999787882074	0.0	1.0	0.0	0.0
650003_20180207_S	4.36821872719538	0.0	0.0	5.46027340899423	0.4086	2.18410936359769	28.39342172677	1.3963552683873373	6.91634631805936	1694.302573779485	12.0126014997873	128.862452452264	4.36821872719538	3.27616404539654	4.36821872719538	7.64438277259192	4.36821872719538	19.6569842723792	0.0	8.19041011349134	8.19041011349134	0.1692	2.18410936359769	11.1025559316216	1.45607290906513	0.3490888170968343	55.6947887717411	112.117613998015	1.87	10.9205468179885	234.245729245852	2917.97010976652	2.73013670449711	0.5685	0.1978	4.36821872719538	37.1298591811608	193.111669564763	1.871	6.55232809079308	2.18410936359769	0.811	0.0	1.0	1.0		
650003_20180213_S	0.0	0.0	0.0	0.0	0.0	0.0	2.65698754571486	1.5752937233603064	0.332123443214358	1198.7985234771932	1.99274065928615	56.7931087896552	0.0	0.0	0.0	0.0	0.0	0.996370329643073	0.0	0.0	0.0	0.0	0.0	0.0	0.664246886428715	0.0	0.0	34.2087146510788	0.0	0.0	35.5372084239363	3289.01845815178	0.0	0.0	0.0	0.0	0.0	211.728695049153	0.0	0.0	1.99274065928615	0.0	0.0	0.0	1.0		
715927_20180226_S	0.0	0.0	1.5526551956500811	0.0	0.0	0.0	1.19183520286248	7.763275978250406	0.0	980.0359594943312	0.0	170.194066968763	0.0	0.0	0.0	0.0	0.0	45.7664717899194	0.0	0.0	0.0	0.0	0.0	0.0	0.0	0.0	10.7265168257624	167.810396563038	0.0	0.0	1.90693632457997	3204.01057585521	0.0	0.0	0.0	0.0	0.0	190.097714856566	0.0	0.0	12.8718201909148	0.0	0.0	0.0	0.0	0.0	0.0
658355_20170925_S	0.0	0.0	0.0	33.8119354656278	0.0	0.0	22.5412903104185	17.246099686767714	3.75688171840309	2459.724967825245	0.0	61.988548353651	0.0	0.0	11.2706451552093	0.0	0.0	0.0	5.63532257760463	5.63532257760463	5.63532257760463	0.0	33.8119354656278	0.0	0.0	0.0	22.5412903104185	820.878655471075	0.0	11.2706451552093	50.7179031984417	2809.20830493591	0.0	0.0	0.0	0.0	0.0	216.020698808178	0.0	5.63532257760463	11.2706451552093	0.0	11.2706451552093	0.0	1.0	0.0	0.0
658355_20171204_S	0.0	0.0	7.666351258839344	0.705301848031897	0.0	8.46362217638276	334.959602661148	94.27980909806682	0.0	2268.913744903304	199.600422993027	306.806303893875	0.0	0.0	0.0	0.0	32.4438850094673	4.93711293622328	0.0	0.0	0.0	0.0	2.11590554409569	0.0	0.235100616010632	0.0	6.34771663228707	252.262960979408	0.0	0.0	301.810415803649	4081.9344454846	0.0	0.0	0.0	0.0	0.0	248.677676585246	0.004258	0.0	56.0714969185358	0.0	0.0	0.0	1.0	0.0	0.0
658355_20180122_S	0.0	0.0	0.7980403321603471	0.0	0.0	0.0	8.84473701240357	23.143169632650064	0.0	3069.662137654775	36.8055185354858	62.4837872811736	0.0	0.0	0.0	0.0	8.55942291522926	3.42376916609171	0.0	0.0	0.0	0.0	0.0	0.0	0.0	0.0	1.71188458304585	133.812311574751	0.0	0.0	9.7006793039265	3594.10168210477	0.0	0.0	0.0	0.0	0.0	270.763078218419	0.0	0.0	136.950766643668	0.02111	0.0	0.0	1.0	0.0	0.0
658355_20180327_S	0.0	0.0	0.6097114845255226	0.0	0.0	0.0	25.3118506433844	0.6097114845255226	6.21694577205933	3357.071433797527	0.0	41.2982826286798	0.0	0.0	0.0	0.0	0.0	0.0	0.0	0.0	0.0	0.0	0.0	0.0	5.77287821691223	0.0	0.0	476.92855422798	0.0	0.0	30.6406613051495	3972.62834834591	0.0	0.0	0.0	0.0	0.0	236.243939338254	0.0	0.0	0.0	0.0	0.0	0.0	1.0	0.0	0.0
658355_20180321_S	0.0	0.0	2.650799335285559	1.2299207926617	0.0	0.0	4.09973597553901	0.5301598670571117	0.0	2550.8642003452933	1.2299207926617	11.0692871339553	0.0	0.614960396330852	0.0	0.614960396330852	0.0	1.2299207926617	0.0	1.2299207926617	1.2299207926617	0.06455	0.0	0.0	0.0	0.0	1.2299207926617	188.382868076018	0.01344	0.0	5.32965676820071	3108.00984305612	0.0	0.0	0.02111	0.0	0.0	270.685067784963	0.04212	0.0	3.68976237798511	0.0	0.0	1.0	1.0	0.0	0.0
670829_20170922_S	0.0	0.0	1.4322322141106956	0.0	0.0	0.0	15.6677532459553	3.1509108710435303	0.0	532.5039372063566	1.4030823802348	123.471249460662	1.4030823802348	0.0	1.4030823802348	0.0	0.0	14.7323649924654	0.0	2.1046235703522	2.1046235703522	0.0	0.0	0.0	0.467694126744934	0.0	2.8061647604696	144.283638100812	0.0	0.0	21.6308533619532	3067.13808319327	0.0	0.0	0.0	0.0	0.0	202.277709817184	0.0	0.0	16.1354473727002	0.0	0.0	0.0	0.0	0.0	0.0
670829_20171001_S	0.0	0.0	0.0	0.0	0.0	0.0	13.6012335930262	10.76054163186304	0.0	1899.2355980238267	18.8324772826516	464.534439638739	0.0	0.0	0.0	0.0	0.0	0.0	0.0	4.7081193206629	4.7081193206629	0.0	6.27749242755053	2.09249747585018	5.23124368962544	0.0	25.1099697102021	215.527240012568	0.0	0.0	13.6012335930262	3460.46770068723	0.0	0.0	0.0	0.0	0.0	240.63720972277	0.0	0.0	18.8324772826516	0.0	0.0	0.0	0.0	0.0	0.0
670829_20171005_S	0.0	0.0	3.851165298433217	1.91454790582567	0.0	0.0	4.78636976456417	3.423258043051749	0.0	2261.917751946443	6.70091767038983	256.549419380639	0.0	0.0	1.91454790582567	0.0	1.91454790582567	1.91454790582567	0.0	0.957273952912833	0.957273952912833	0.0	0.0	0.0	2.8718218587385	0.0	11.487287434954	348.766810177909	0.0	1.91454790582567	5.743643717477	3576.37548808235	0.0	0.0	0.0	0.0	0.0	227.352563816798	0.0	0.0	47.8636976456417	0.0	1.91454790582567	0.0	0.0	0.0	0.0
670829_20180201_S	0.0	0.0	1.3782771122613595	2.67297699681821	0.0	0.0	8.01893099045463	12.40449401035224	2.67297699681821	2779.984935431163	0.0	5.34595399363642	0.0	1.3364884984091	0.0	1.3364884984091	0.0	10.6919079872728	2.67297699681821	0.0	0.0	0.0	2.67297699681821	0.0	0.890992332272737	0.0	2.67297699681821	130.08488051182	0.0	1.3364884984091	10.6919079872728	2795.26569442264	0.0	0.0	0.0	0.0	2.67297699681821	204.037244090457	0.0	0.0	2.67297699681821	0.06775	1.3364884984091	0.0	1.0	0.0	1.0
673895_20180122_S	0.0	0.0	4.06104563803088	0.0	0.0	0.0	8.47703543248218	42.64097919932424	113.592274795261	4477.302815929045	330.604381866805	50.8622125948931	10.1724425189786	0.0	0.0	0.0	218.70751415804	0.0	470.475466502761	144.957305895445	144.957305895445	0.0	518.794568467909	0.0	0.0	0.0	10.1724425189786	89.8565755843111	0.0	0.0	275.503651555671	3878.2437103606	5.08622125948931	2.142	0.0	0.0	0.0	484.038723194732	2.024	0.0	0.0	0.4837	0.0	0.0	0.0	0.0	1.0
673895_20180205_S	0.0	0.0	1.1975933164712194	0.0	0.0	0.0	8.98268371968212	0.0	6.73701278976159	3929.303671342071	33.685063948808	13.4740255795232	0.0	3.3685063948808	0.0	3.3685063948808	13.4740255795232	3.3685063948808	0.0	11.7897723820828	18.5267851718444	0.9854	33.685063948808	0.0	0.0	0.0	26.9480511590464	159.442636024358	0.0	3.3685063948808	19.0882029043245	4139.8943593085	0.0	0.3632	0.0	0.0	0.0	363.798690647126	0.7938	3.3685063948808	6.73701278976159	0.0	0.0	0.0	0.0	0.0	1.0
676138_20171001_S	0.0	0.0	2.6373927789943976	0.0	0.0	0.0	592.164767654613	29.01132056893837	0.0	12047.610214446408	322.805898446508	390.765034961562	0.0	0.0	8.49489206438178	0.0	0.0	80.7014746116269	0.0	2.12372301609545	2.12372301609545	0.0	0.0	0.0	0.0	0.0	82.8251976277224	1017.97123238175	0.0	4.24744603219089	967.00187999546	2653.59190861126	0.0	0.0	0.0	0.0	0.0	151.492241814808	2.257	0.0	19.113507144859	0.0	0.0	0.0	1.0	0.0	0.0
676138_20171009_S	0.0	0.0	0.0	0.0	0.0	0.0	41.4340271978798	2.455118389900625	0.0	872.3854012113554	24.3314712906698	23.2735812345538	0.0	0.0	0.0	0.0	1.05789005611608	22.2156911784377	0.0	0.0	0.0	0.0	0.0	0.0	0.0	0.0	7.40523039281256	200.64648064335	0.0	2.11578011223216	53.5997628432147	2998.58936406103	0.0	0.0	0.0	0.0	2.11578011223216	169.438723987926	0.07159	0.0	2.11578011223216	0.0	0.0	0.0	1.0	0.0	0.0
676138_20180130_S	0.0	0.0	1.1301969989879086	1.29962680056045	0.0	0.0	120.323781285221	8.193928242662336	0.0	3304.130926541151	61.7322730266212	90.324062638951	0.0	0.0	0.0	0.649813400280223	0.0	36.3895504156925	0.0	0.0	0.0	0.0261	0.0	0.0	0.866417867040297	0.0	17.544961807566	318.841775070829	0.0	0.0	196.027042417867	3376.43042785604	0.0	0.0	0.0	0.0	0.0	236.965286635521	0.2391	0.0	12.9962680056045	0.0	1.29962680056045	0.0	1.0	0.0	0.0
676138_20180323_S	0.0	0.0	1.6452320353000984	0.0	0.0	0.0	302.013501473179	13.161856282400787	0.661584888221641	5532.915334714231	164.734637167189	152.826109179199	0.0	0.0	0.0	0.0	0.0	55.5731306106179	0.0	0.0	0.0	0.0	3.96950932932985	0.0	1.32316977644328	0.0	57.5578852752828	582.194701635045	0.0	0.0	474.687157299028	3309.57840332876	0.0	0.0	0.0	0.0	0.0	139.594411414766	0.4617	0.0	25.801810640644	0.0	0.0	1.0	1.0	0.0	0.0
676138_20180405_S	0.0	0.0	2.090397861941067	0.0	0.0	0.0	7.80991065885764	3.483996436568445	0.0	640.5327448631085	5.64049103139719	24.7313837530492	0.867767850984183	0.0	0.0	0.433883925492091	0.0	58.1404460159402	0.0	0.433883925492091	0.433883925492091	0.0	0.0	0.0	0.0	0.0	2.60330355295255	201.611397378658	0.0	0.0	11.0640401000483	4059.20106494126	0.0	0.0	0.0	0.0	0.0	66.6734965506181	0.03688	0.0	0.0	0.0	0.867767850984183		1.0	0.0	0.0
698564_20171001_S	0.0	0.0	30.41593795148658	3791.87788511706	0.0	0.0	545.800604675941	45.62390692722987	191.508984096821	25047.5249030492	229.810780916186	631.979647519511	0.0	0.0	0.0	229.810780916186	0.0	689.432342748557	229.810780916186	57.4526952290464	57.4526952290464	0.0	114.905390458093	0.0	0.0	0.0	1781.03355210044	727.734139567921	0.0	0.0	976.695818893789	4854.75274685442	0.0	0.0	0.0	0.0	0.0	593.677850700146	8.257	0.0	172.358085687139	0.0	114.905390458093	1.0	1.0	0.0	0.0
698564_20180215_S	0.0	0.0	0.0	11.0188830598998	0.0	0.0	11.0188830598998	11.869858867378069	0.0	11608.72197229575	0.0	0.0	11.0188830598998	0.0	0.0	0.0	0.0	11.0188830598998	0.0	5.50944152994989	5.50944152994989	0.0	11.0188830598998	0.0	0.0	0.0	5.50944152994989	198.339895078196	0.0	22.0377661197996	16.5283245898497	4165.13779664212	0.0	0.0	0.0	0.0	0.0	213.031739158063	0.0	0.0	0.0	0.0	0.0	0.0	1.0	0.0	0.0
698564_20181205_S	0.0	0.0	0.6539204492695055	929.208222250962	0.0	7.81942403016237	30.6260774514693	17.65585213027665	38.6627077046917	8266.862319665088	63.8586295796594	41.7035948275326	0.0	0.0	0.0	0.0	0.0	5.21294935344158	107.517080414733	0.0	0.0	0.0	0.0	0.0	0.0	0.0	334.931995958622	115.988123114075	0.0	0.0	78.8458589708039	4616.7182711417	0.0	0.0	0.04088	0.0	0.0	500.877550376512	0.2009	0.0	3.90971201508119	0.0	0.0	1.0	1.0	0.0	0.0
698917_20171207_S	219.402231902787	0.0	0.0	783.579399652811	8.023	0.0	378.730043165525	26.856452262656106	245.521545224547	41976.63488653149	203.730643909731	611.191931729192	0.0	54.8505579756967	0.0	399.625493822933	62.6863519722248	329.10334785418	78.357939965281	235.073819895843	266.416995881956	6.258	0.0	211.566437906259	26.1193133217603	0.0	720.893047680586	449.252189134278	3.964	109.701115951393	394.401631158581	4098.1202601842	31.3431759861124	35.0	2.176	0.0	219.402231902787	255.969270553251	18.09	125.37270394445	532.833991763911	4.912	219.402231902787	0.0	1.0	0.0	0.0
698917_20180119_S	0.0	0.0	0.0	176.706004438475	0.0	0.0	176.706004438475	38.4874434715674	88.3530022192375	11373.039545848167	0.0	176.706004438475	0.0	44.1765011096188	88.3530022192375	44.1765011096188	88.3530022192375	176.706004438475	0.0	0.0	0.0	5.47	88.3530022192375	44.1765011096188	0.0	0.0	132.529503328856	574.294514425044	0.0	0.0	176.706004438475	3799.17909542721	0.0	0.0	0.0	0.0	0.0	242.970756102903	2.136	0.0	0.0	2.038	44.1765011096188	0.0	1.0	0.0	0.0
698917_20180128_S	0.0	0.0	0.0	628.740867819586	0.0	0.0	288.172897750644	0.0	0.0	6464.793462442628	392.963042387241	785.926084774483	0.0	0.0	0.0	0.0	157.185216954897	0.0	0.0	235.777825432345	235.777825432345	0.0	0.0	0.0	26.1975361591494	0.0	0.0	157.185216954897	0.0	0.0	288.172897750644	3772.44520691752	0.0	0.0	0.0	0.0	0.0	170.283985034471	0.0	0.0	0.0	0.0	0.0	0.0	1.0	0.0	0.0
698917_20180329_S	0.0	0.0	0.0	597.036566357416	0.0	0.0	0.0	168.67673104495233	0.0	33060.639284810655	0.0	1194.07313271483	0.0	0.0	0.0	0.0	0.0	0.0	0.0	0.0	0.0	0.0	0.0	0.0	0.0	0.0	1492.59141589354	1791.10969907225	0.0	597.036566357416	0.0	3880.7376813232	0.0	0.0	0.0	0.0	0.0	348.271330375159	0.0	0.0	0.0	0.0	0.0	0.0	1.0	0.0	0.0
701099_20180504_S	0.0	0.0	0.0	0.0	0.0	0.0	13.8192208680501	2.215657720763981	3.22448486921169	894.0178903282663	8.29153252083006	78.7695589478856	0.0	0.0	0.0	0.0	0.0	2.76384417361002	0.0	0.0	0.0	0.0	2.76384417361002	1.38192208680501	1.84256278240668	0.0	5.52768834722004	269.014166231375	0.0	0.0	22.1107533888802	3467.93347683717	0.0	0.0	0.0	0.0	0.0	401.678686564656	0.0	0.0	142.337974940916	0.0	2.76384417361002	0.0			
701099_20180517_S	0.0	0.0	1.30686965837447	0.0	0.0	0.0	4.83634887777567	8.167935364840435	0.0	1044.8422918703886	0.0	96.4655532918499	0.0	0.0	0.0	0.0	1.5685455819813	23.5281837297195	0.0	0.0	0.0	0.0	1.5685455819813	0.0	0.0	0.0	11.7640918648597	214.106471940447	0.0	0.0	7.18916725074762	3582.16597284979	0.0	0.0	0.0	0.0	0.0	217.504987368074	0.0	0.0	0.0	0.0	0.0	0.0			
715927_20180205_S	0.0	0.0	0.7956554032361692	0.0	0.0	0.0	12.6837120556374	4.773932419417015	0.603986288363685	2192.428463617264	8.15381489290975	57.0767042503683	0.0	0.0	0.0	0.0	0.0	22.6494858136382	1.81195886509106	0.905979432545528	0.905979432545528	0.0	1.81195886509106	0.0	0.603986288363685	0.3978277016180846	2.71793829763658	220.153002108563	0.0	0.0	10.8717531905463	3685.52433159521	0.0	0.0	0.0	0.0	0.0	205.657331187835	0.0	0.0	96.9397992823715	0.0	0.905979432545528	0.0	0.0	0.0	0.0
715927_20180213_S	0.0	0.0	0.6101938372253022	0.0	0.0	0.0	3.51830165319061	0.6101938372253022	0.0	1002.5484745611714	1.45584895994094	98.997729275984	0.0	0.0	0.0	0.0	0.0	51.6826380779034	0.0	2.54773567989665	2.54773567989665	0.0	4.36754687982282	0.0	1.45584895994094	0.0	1.45584895994094	251.619228576459	0.0	0.0	4.24622613316108	4272.55273518668	0.0	0.0	0.0	1.45584895994094	0.0	128.721312208112	0.0	0.0	209.642250231495	0.0	1.45584895994094	1.0	0.0	0.0	0.0
717449_20180606_S	0.0	0.0	7.596388676823038	0.0	0.0	0.0	17.3381548265023	0.0	27.9336938871426	3353.805600817372	5.77938494216743	46.2350795373394	0.0	0.0	0.0	0.0	0.0	37.5660021240883	0.0	0.0	0.0	0.0	11.5587698843349	7.22423117770929	0.0	0.0	5.77938494216743	68.3893884823146	0.0	0.0	24.5623860042116	3733.48267264016	0.0	0.0	0.0	0.0	0.0	272.112707693716	0.0	11.5587698843349	135.815546140935	0.0	26.0072322397534	0.0			
720054_20170925_S	0.0	0.0	4.798071322961134	2.33881458786373	0.0	8.96545592014428	50.9341843579211	170.14699076039096	0.389802431310621	3539.684847912212	275.590318936609	69.3848327732905	0.0	4.28782674441683	1.55920972524248	4.28782674441683	56.9111549713507	4.67762917572745	0.0	0.19490121565531	0.19490121565531	0.0	1.55920972524248	0.0	0.779604862621242	0.0	4.67762917572745	435.149447486423	0.0	0.0	49.3749746326787	3416.61831043759	0.0	0.0	0.0	0.0	0.0	216.40531644928	0.0	0.0	174.241686795848	0.0	0.0	0.0	0.0	0.0	0.0
720054_20171120_S	2.26002418188207	0.0	4.660005964807636	6.78007254564622	0.0	2.26002418188207	139.744828579708	52.29562249395234	1.50668278792138	2853.994764224409	134.471438821983	82.4908826386957	0.0	2.26002418188207	4.52004836376415	2.26002418188207	18.0801934550566	3.39003627282311	0.0	1.13001209094104	1.13001209094104	0.0	2.26002418188207	0.0	1.13001209094104	0.0	2.26002418188207	601.166432380632	0.0	0.0	127.879701624827	3535.24282650903	0.0	0.0	0.0	0.0	0.0	255.382732552674	0.02212	0.0	152.55163227704	0.0	0.0	0.0	0.0	0.0	0.0
748160_20180321_S	0.0	0.0	0.0	0.0	0.0	0.0	5.05737666069798	0.0	6.74316888093064	783.7254061504585	2.52868833034899	166.893429803033	0.0	0.0	0.0	0.0	5.05737666069798	7.58606499104697	0.0	0.0	0.0	0.0	5.05737666069798	0.0	5.90027277081431	0.0	17.7008183124429	557.99722489701	0.0	0.0	3.79303249552348	2877.64731993715	0.0	0.0	0.0	0.0	0.0	88.5040915622146	0.2087	0.0	0.0	0.2055	5.05737666069798	1.0	1.0	0.0	0.0
748160_20180329_S	0.0	0.0	0.0	0.0	0.0	0.0	0.0	6.619591911615209	0.0	616.567703767588	2.81879996759186	197.31599773143	0.0	0.0	0.0	0.0	0.0	0.0	0.0	0.0	0.0	0.0	0.0	2.81879996759186	0.0	0.0	11.2751998703675	616.377592913421	0.0	0.0	52.1477994004495	2916.04856647378	0.0	0.0	0.17505	0.0	0.0	85.9733990115518	0.0	0.0	0.0	0.0	0.0	0.0	1.0	0.0	0.0
748699_20180329_S	1.17704611103087	0.0	3.388998060971725	4.70818444412347	0.0	1.17704611103087	43.4526189322228	4.43176669511687	0.392348703676956	2512.8117161312657	14.1245533323704	191.269993042516	0.588523055515433	4.70818444412347	0.0	5.88523055515433	0.0	2.35409222206173	0.588523055515433	0.588523055515433	0.588523055515433	0.0	1.17704611103087	0.980871759192389	0.392348703676956	0.0	5.88523055515433	445.708127377022	0.0	0.0	43.4526189322228	3192.44331464347	0.0	0.0	0.009945	0.0	0.588523055515433	260.813800769256	0.1148	0.0	29.4261527757717	0.1233	0.0	0.0	1.0	1.0	0.0
748699_20180410_S	10.6718935229611	0.0	0.0	53.3594676148053	2.607	3.04911243513173	32.7779586776661	17.097456819057612	11.6882643346716	4044.863726693208	3.04911243513173	416.203847395481	3.04911243513173	5.33594676148053	4.5736686526976	20.5815089371392	6.09822487026347	91.473373053952	6.09822487026347	18.2946746107904	30.4911243513173	0.8926	0.0	9.1473373053952	0.0	1.315188986081355	64.0313611377664	253.076332115934	0.3077	6.09822487026347	35.8270711127979	3716.1057803168	4.5736686526976	1.771	0.1326	0.0	13.7210059580928	130.603649304809	1.271	4.5736686526976	3.04911243513173	0.5239	7.62278108782933	0.0	1.0	1.0	0.0
748699_20190101_S	0.0	0.0	0.0	5.4195547678333	0.0	0.0	17.6135529954582	4.633684103219947	0.0	2608.76415011283	0.0	70.4542119818329	0.0	0.0	0.0	0.0	0.0	5.4195547678333	0.0	2.70977738391665	2.70977738391665	0.0	5.4195547678333	0.0	1.80651825594443	0.0	16.2586643034999	222.201745481165	0.0	0.0	14.9037756115416	3323.54196137377	0.0	0.0	0.0	0.0	0.0	207.74959943361	0.0	0.0	0.0	0.0	0.0	1.0	1.0	1.0	0.0
748699_20190109_S	0.0	0.0	2.466979479664688	0.0	0.0	0.0	2.13299628470899	0.9867917918658752	0.0	3922.4973726668554	2.13299628470899	6.39898885412697	0.0	0.0	0.0	0.0	1.0664981423545	1.0664981423545	0.0	1.0664981423545	1.0664981423545	0.0	0.0	0.0	0.710998761569663	0.0	14.9309739929629	79.9873606765871	0.0	0.0	2.13299628470899	3090.71161654333	0.0	0.0	0.0	0.0	1.0664981423545	221.831613609735	0.0	0.0	0.0	0.0	0.0	1.0	1.0	1.0	0.0
748699_20190114_S	0.0	0.0	3.0787071482448805	5.03858436941271	0.0	0.0	1.67952812313757	1.026235716081627	0.0	2422.942525668721	0.0	10.0771687388254	0.0	0.0	0.0	0.0	0.0	12.5964609235318	0.0	0.0	0.0	0.0	5.03858436941271	0.0	0.0	0.0	5.03858436941271	159.555171698069	0.0	0.0	4.19882030784392	2982.84194669232	0.0	0.0	0.0	0.0	0.0	212.040425546118	0.0	0.0	0.0	0.0	0.0	1.0	1.0	1.0	0.0
752797_20170918_S	0.0	0.0	0.0	27.3478296759405	0.0	0.0	32.3201623442933	14.355852881219672	3.31488844556854	7710.197293590443	14.9169980050584	42.2648276809989	4.97233266835281	0.0	4.97233266835281	0.0	0.0	14.9169980050584	0.0	0.0	0.0	0.0	9.94466533670562	0.0	0.0	0.0	14.9169980050584	864.357162181997	0.0	0.0	32.3201623442933	3714.33250325955	0.0	0.0	0.0	0.0	9.94466533670562	224.169331131573	0.03897	2.48616633417641	52.2094930177045	0.0	9.94466533670562	0.0	0.0	0.0	0.0
752797_20170927_S	0.0	0.0	21.951294467834767	47.0446811339517	0.0	0.0	78.4078018899195	8.780517787133908	23.5223405669758	2945.8637175834256	0.0	152.895213685343	0.0	5.88058514174396	0.0	5.88058514174396	23.5223405669758	23.5223405669758	0.0	0.0	0.0	0.0	0.0	0.0	0.0	0.0	23.5223405669758	654.705145780828	0.0	11.7611702834879	78.4078018899195	3234.32182795918	0.0	0.0	0.0	0.0	0.0	245.024380905998	0.0	23.5223405669758	23.5223405669758	0.0	0.0	0.0	0.0	0.0	0.0
752797_20180306_S	0.0	0.0	1.082970718637709	0.0	0.0	0.0	1.67824116633638	1.082970718637709	0.279706861056064	3513.518001500275	0.0	16.7824116633638	0.0	0.0	0.0	0.0	0.0	0.0	0.0	0.0	0.0	0.0	0.0	0.0	0.0	0.0	0.839120583168192	148.804050081826	0.0	0.0	4.61516320742506	2660.43180893475	0.0	0.0	0.0	0.0	0.839120583168192	254.952803852602	0.0	0.0	0.0	0.0	0.0	0.0	0.0	0.0	0.0
753522_20180606_S	0.0	0.0	0.0	0.0	0.0	0.0	4.22464409852649	8.212846801329238	1.32537854071419	2726.6651380413077	9.94033905535644	470.178037318359	0.994033905535644	10.6858644845082	0.0	10.6858644845082	2.98210171660693	5.46718648044604	0.0	0.497016952767822	1.49105085830347	0.0	3.97613562214257	0.0	8.44928819705297	0.4439376649367155	32.8031188826762	100.066079823921	0.0	0.0	3.47911866937475	2905.06408892792	0.0	0.0	0.0	0.0	0.994033905535644	314.611731102031	0.01306	0.0	42.7434579380327	0.0	0.0	0.0	0.0	0.0	0.0
756934_20181205_S	0.0	0.0	0.0	0.0	0.0	0.0	4.46005823519274	0.5184793829265777	0.0	469.7423209314793	0.0	679.415537827694	0.0	0.0	2.97337215679516	0.0	0.0	1.48668607839758	0.0	0.0	0.0	0.0	0.0	0.0	0.0	0.0	10.4068025487831	229.940780125492	0.0	0.0	4.46005823519274	2893.09110856169	0.0	0.0	0.0	0.0	0.0	218.790634537511	0.0	0.0	0.0	0.0	0.0	0.0	1.0	0.0	0.0
756934_20181218_S	0.0	0.0	0.4342185022240671	0.0	0.0	1.99554726412001	1.66295605343334	0.8684370044481343	0.0	2577.955247704286	0.0	82.8152114609806	0.0	0.997773632060007	0.0	0.997773632060007	0.0	1.99554726412001	0.0	0.0	0.0	0.1024	0.0	0.997773632060007	0.0	0.0	16.9621517450201	400.772408877436	0.0	0.0	1.66295605343334	3746.1411015693	0.0	0.04318	0.030825	0.0	0.0	239.798262905088	0.05365	0.0	0.0	0.0	0.0	0.0	1.0	0.0	0.0
763742_20170925_S	0.0	0.0	0.0	5.59291612429517	0.0	2.79645806214759	161.728491260869	9.204712812960237	0.0	2110.180412371134	36.3539548079186	50.3362451186565	5.59291612429517	0.0	0.0	0.0	0.0	11.1858322485903	0.0	0.0	0.0	0.0	11.1858322485903	0.0	1.86430537476506	0.0	11.1858322485903	314.135455647912	0.0	0.0	164.524949323016	3046.74105870979	0.0	0.0	0.0	0.0	0.0	258.672370748652	0.0	0.0	114.654780548051	0.0	5.59291612429517	0.0	0.0	0.0	0.0
763742_20180129_S	0.0	0.0	2.2163969042979965	0.0	0.0	0.0	48.9258812040476	194.84143695056025	1.83472054515178	1794.8785112260505	299.059448859741	90.3599868487254	0.0	0.0	3.21076095401562	0.0	50.4548149916741	0.458680136287946	0.0	0.458680136287946	0.458680136287946	0.0	0.0	0.0	2.75208081772768	0.0	0.0	133.32302628103	0.0	0.0	44.1097397730242	3415.1029547319	0.0	0.0	0.0	0.0	0.917360272575892	313.890106599718	0.0	0.0	89.9013067124374	0.0	0.0	0.0	0.0	0.0	0.0
768745_20171123_S	0.0	0.0	0.3851930260032256	0.0	0.0	0.0	29.9560294309657	9.244632624077417	0.0	1587.7656531852958	16.0328044841788	161.171876656745	0.0	0.0	0.0	0.0	1.68766362991356	22.7834590038331	0.0	0.0	0.0	0.0	1.68766362991356	0.0	0.56255454330452	0.3851930260032256	6.75065451965424	137.544585837955	0.0	0.0	33.7532725982712	3405.28328925809	0.0	0.0	0.0	0.0	0.0	346.533598675584	0.01626	0.42191590747839	10.9698135944381	0.0	0.0	0.0			
768745_20171206_S	0.864094382708724	0.0	1.5376897364976423	3.4563775308349	0.0	0.0	9.50503820979597	8.265082333674828	0.432047191354362	1900.9689367452104	2.59228314812617	80.3607775919114	0.864094382708724	0.0	0.864094382708724	0.864094382708724	0.0	15.1216516974027	0.432047191354362	0.864094382708724	0.864094382708724	0.0	5.18456629625235	0.0	0.0	0.0	2.59228314812617	148.336202364998	0.0	0.864094382708724	10.1531089968275	3550.77984214583	0.0	0.0	0.0	0.0	0.0	262.540676613001	0.00746	0.864094382708724	2.59228314812617	0.0	0.0	0.0			
768745_20190228_BAL	0.0	0.0	0.0	0.0	0.0	0.0	840.43486501158	0.0	0.0	16891.891891891893	0.0	0.0	0.0	0.0	0.0	0.0	0.0	0.0	0.0	0.0	0.0	0.0	0.0	0.0	0.0	0.0	0.0	0.0	0.0	0.0	840.43486501158	1080.55911215775	0.0	0.0	0.0	0.0	0.0	0.0	0.0	360.186370719249	0.0	0.0	0.0	0.0			
768745_20190228_S	0.0	0.0	2.2368123138009084	1.01068644378224	0.0	1.01068644378224	88.0981683496849	172.23454816266994	1.01068644378224	3149.4317378316787	258.735729608252	243.575432951519	1.01068644378224	0.0	22.2351017632092	0.0	32.3419662010315	7.58014832836677	0.0	0.0	0.0	0.0	1.01068644378224	0.0	0.336895481260745	0.4970694030668685	1.01068644378224	157.835532970659	0.0	0.0	87.3401535168482	3849.45199275559	0.0	0.0	0.0	0.0	0.0	239.616911046705	0.0	1.26335805472779	119.766343588195	0.0	0.0	0.0			
770560_20181211_S	0.0	0.0	1.1907455257736868	0.0	0.0	0.0	29.9083100550231	60.72802181445803	0.0	1723.6041485574117	95.1628047205279	35.3461846104818	0.0	0.0	0.0	0.0	8.15681183318811	8.15681183318811	0.0	0.0	0.0	0.0	2.71893727772937	0.0	0.0	0.0	0.0	246.063823634508	0.0	0.0	30.5880443744554	3476.161309577	0.0	0.0	0.0	0.0	0.0	260.11166623611	0.0	3.39867159716171	154.979424830574	0.0	0.0	0.0	0.0	0.0	0.0
770560_20181218_S	0.0	0.0	0.9606897752586356	0.0	0.0	0.0	7.44715428166187	3.602586657219884	0.0	1891.5981674842535	5.80297736233393	16.8286343507684	0.0	0.0	0.0	0.0	0.0	6.96357283480071	0.0	0.0	0.0	0.0	0.0	0.0	0.0	0.0	0.580297736233393	72.5372170291741	0.0	0.580297736233393	6.86685654542848	2591.0293922821	0.0	0.0	0.0	0.0	0.0	292.760207929747	0.0	0.0	2.32119094493357	0.0	0.0		0.0	0.0	0.0
770560_20190109_S	0.0	0.0	0.9969354205173298	0.0	0.0	0.0	6.44920538810652	2.990806261551989	0.0	8315.438342535046	3.86952323286391	129.629028300941	0.0	0.0	0.0	0.0	0.0	0.0	0.0	1.93476161643196	1.93476161643196	0.0	0.0	0.0	0.0	0.0	0.0	447.574853934593	0.0	0.0	12.2534902374024	2963.08741556554	0.0	0.0	0.0	0.0	0.0	185.414654908063	0.0	0.0	0.0	0.0	0.0	0.0	0.0	0.0	0.0
770590_20170925_S	0.0	0.0	0.0	0.0	0.0	0.0	0.0	5.110976332772262	0.0	2000.8255443676555	0.0	2.27865995133283	0.0	2.56349244524943	1.13932997566642	3.70282242091585	1.13932997566642	1.13932997566642	0.0	1.99382745741623	1.99382745741623	0.04952	0.0	0.0	0.0	0.0	2.27865995133283	990.45752551267	0.0	1.13932997566642	1.13932997566642	3765.4855695775	0.284832493916604	0.0	0.0113845	0.0	0.0	147.828064342717	0.01078	0.0	0.0	0.0	1.13932997566642	0.0	0.0	0.0	0.0
770590_20180115_S	0.0	0.0	1.3929050985898228	0.851184800654059	0.0	0.0	12.5549758096474	52.13444797579052	0.0	4139.912939451609	68.5203764526517	48.0919412369543	0.0	2.12796200163515	0.851184800654059	2.12796200163515	16.1725112124271	3.83033160294326	0.0	0.0	0.0	0.0	0.0	0.0	0.283728266884686	0.0	0.851184800654059	379.060964557941	0.0	0.0	10.8526062083392	3583.48801075359	0.0	0.0	0.0	0.0	0.851184800654059	270.251174207664	0.004589	0.0	32.3450224248542	0.01134	0.0	0.0	0.0	0.0	0.0
773911_20171213_S	2.02125555226268	0.0	2.539002248286491	2.02125555226268	0.0	0.0	11.2853435001333	0.8463340827621637	0.0	2959.630287419286	2.02125555226268	106.115916493791	0.0	0.0	0.0	0.0	0.0	0.0	0.0	0.0	0.0	0.0	0.0	0.0	1.01062777613134	0.0	2.02125555226268	302.514580988647	0.0	0.0	12.2959712762646	3224.40791974703	0.0	0.0	0.0	0.0	1.01062777613134	232.444388510208	0.0	0.0	1.01062777613134	0.0	0.0	0.0	1.0		
773911_20180130_S	0.0	0.0	1.2152543588135714	0.0	0.0	0.0	3.93013072548198	1.8228815382203567	1.96506536274099	2100.5671592092585	8.84279413233445	857.751030836442	2.94759804411148	0.0	0.0	0.0	2.94759804411148	2.94759804411148	0.0	2.94759804411148	2.94759804411148	0.0	0.0	0.0	5.40392974753772	0.0	5.89519608822297	144.432304161463	0.0	0.0	3.93013072548198	2831.16792136908	0.0	0.0	0.02374	0.0	0.0	229.912647440696	0.0	0.0	328.65718191843	0.0	2.94759804411148	0.0	1.0		
777599_20180306_S	0.0	0.0	0.0	0.0	0.0	0.0	20.1931756105287	35.776255299357814	0.0	1824.5890202672483	0.0	161.54540488423	0.0	20.1931756105287	0.0	20.1931756105287	0.0	0.0	0.0	0.0	0.0	0.0	0.0	0.0	0.0	0.0	0.0	309.628692694773	0.0	0.0	20.1931756105287	3614.57843428464	0.0	0.0	0.0	0.0	80.7727024421148	588.967621973754	0.0	0.0	0.0	0.0	0.0	0.0	1.0	0.0	0.0
778851_20170918_S	0.0	0.0	1.2565880555650673	2.97287048641955	0.0	1.48643524320977	45.8317533323014	21.047849930714875	0.247739207201629	1504.4500495252769	29.7287048641955	292.827742912326	0.0	2.97287048641955	1.48643524320977	2.97287048641955	8.17539383765376	6.68895859444399	0.0	0.0	0.0	0.0	0.0	0.0	1.7341744504114	0.0	6.68895859444399	182.336056500399	0.0	0.0	41.3724476026721	3674.83953002537	0.0	0.0	0.0	0.0	1.48643524320977	223.460764895869	0.0	8.91861145925865	136.008824753694	0.0	0.0	0.0	0.0	0.0	0.0
778851_20171204_S	0.0	0.0	5.610508186543492	0.0	0.0	2.68704638013745	153.665464864111	116.63951229919364	0.0	1511.5890214166384	204.887286485481	1942.39865204186	0.0	18.8093246609622	1.34352319006873	18.8093246609622	32.5804373591666	8.06113914041235	0.0	0.0	0.0	0.0	1.34352319006873	0.0	0.447841063356242	0.0	0.671761595034363	177.680941886589	0.0	0.0	138.718769374596	4041.98951732176	0.0	0.0	0.0	0.0	0.671761595034363	289.641207725649	0.007503	17.2978610721348	124.947656676392	0.0	0.0	0.0	0.0	0.0	0.0
778851_20180212_S	0.0	0.0	0.0	0.0	0.0	1.63569820353235	67.3362427120818	88.1400333147012	0.0	2641.9696061925624	152.119932928509	265.800958074007	0.0	4.08924550883088	2.45354730529853	4.08924550883088	15.5391329335573	3.2713964070647	0.0	0.0	0.817849101766175	0.0	0.0	0.0	0.0	0.0	0.0	219.183559273335	0.0	0.0	67.3362427120818	3674.59601423543	0.0	0.0	0.0	0.0	0.0	218.774634722452	0.0	1.63569820353235	80.1492119730852	0.0	0.0	0.0	0.0	0.0	0.0
785991_20171129_S	0.0	0.0	0.7997642295051418	18.4289722824724	0.0	0.0	3.2331530320127	17.59481304911312	0.0	1478.7640603550074	0.0	159.071129175025	0.0	0.0	0.0	0.0	0.0	0.96994590960381	0.96994590960381	0.0	0.0	0.0	1.93989181920762	0.0	0.0	0.0	13.5792427344533	180.086623883107	0.0	0.0	3.7181259868146	3545.15229960192	0.0	0.0	0.0	0.0	0.0	327.033429188085	0.0	0.0	0.0	0.0	0.0	0.0	0.0	0.0	0.0
785991_20171206_S	0.0	0.0	0.6405241024415818	27.974012941235	0.0	0.0	3.99628756303357	13.130744100052429	0.0	1693.2254648043215	1.59851502521343	230.186163630733	0.0	0.0	0.0	0.0	0.0	0.0	1.59851502521343	0.0	0.0	0.0	0.0	0.0	0.0	0.0	6.39406010085371	160.917179204818	0.0	0.0	4.79554507564028	3417.62512390631	0.0	0.0	0.0	0.0	0.0	311.044381989446	0.0	0.0	0.0	0.0	0.0	0.0	0.0	0.0	0.0
785991_20171213_S	0.0	0.0	0.2425781987210307	1.12269261357209	0.0	0.0	2.24538522714419	18.921099500240395	0.0	1887.0158078508975	1.12269261357209	290.216040608386	0.0	0.0	1.12269261357209	0.0	0.0	0.0	0.0	0.561346306786047	0.561346306786047	0.0	0.0	0.0	0.0	0.0	16.2790428967954	222.854483794061	0.0	0.0	2.24538522714419	3634.99800959305	0.0	0.0	0.0	0.0	0.0	236.046122003533	0.0	0.0	0.0	0.0	0.0	0.0	0.0	0.0	0.0
785991_20180215_S	0.0	0.0	1.837588422457903	264.97790388584	0.0	0.996157533405415	11.2897853785947	5.053368161759233	0.0	4060.611016526352	11.953890400865	77.7002876056224	0.0	0.0	0.996157533405415	0.0	0.0	2.98847260021625	31.8770410689733	0.0	0.0	0.0	3.98463013362166	0.0	0.0	0.0	143.44668481038	141.122317232434	0.0	0.0	27.2283059130813	3798.84675364155	0.0	0.0	0.0	0.0	0.0	324.581329634598	0.05351	0.0	2.98847260021625	0.0	0.0	0.0	0.0	0.0	0.0
785991_20180321_S	2.03883128123006	0.0	0.7807266691545823	0.679610427076688	0.02502	0.0	0.226536809025563	6.870394688560324	0.0	1370.6437403677849	0.339805213538344	173.640464118094	0.0	0.0	0.0	0.339805213538344	2.37863649476841	4.75727298953682	0.0	1.01941564061503	1.01941564061503	0.01165	0.0	0.0	0.0	0.0	13.2524033279954	274.336075729956	0.0	0.679610427076688	0.226536809025563	4256.90981260161	0.0	0.0	0.0	0.0	0.0	245.962340399505	0.02148	0.0	9.51454597907363	0.0	0.0	0.0	0.0	0.0	0.0
788707_20171213_S	0.0	0.0	0.0	141.995822280057	0.0	0.0	47.3319407600189	0.0	0.0	4174.926413167537	0.0	70.9979111400283	0.0	0.0	0.0	0.0	0.0	70.9979111400283	35.4989555700142	0.0	0.0	0.0	0.0	0.0	0.0	0.0	35.4989555700142	402.321496460161	0.0	0.0	47.3319407600189	3425.64921250637	0.0	0.0	0.0	0.0	0.0	609.398737285243	0.0	0.0	0.0	0.0	0.0	0.0	1.0	0.0	1.0
788707_20180129_S	0.0	0.0	1.8348024596627852	0.0	0.0	0.0	0.718246829426091	25.68723443527899	0.0	2287.6317067075606	34.4758478124524	13.790339124981	0.0	0.0	7.75706575780179	0.0	0.0	10.3427543437357	0.0	1.72379239062262	1.72379239062262	0.0	1.72379239062262	0.0	0.574597463540873	0.0	1.72379239062262	520.872600699802	0.0	0.0	1.5801430247374	2795.99125758989	0.0	0.0	0.0	0.0	1.72379239062262	231.993725904628	0.01148	0.0	45.6804983514994	0.0	0.0	0.0	1.0	0.0	1.0
788707_20180301_S	0.0	0.0	0.0	0.0	0.0	0.0	8.75111330569583	3.5973293426959825	0.0	1289.6425693565095	4.37555665284791	78.7600197512625	0.0	0.0	0.0	0.0	0.0	0.0	0.0	0.0	0.0	0.0	0.0	0.0	0.0	0.0	0.0	198.358568262439	0.0	0.0	13.1266699585437	2467.81395220622	0.0	0.0	0.0653	0.0	0.0	239.197097022353	0.0	0.0	26.2533399170875	0.0	0.0	0.0	1.0	0.0	1.0
788707_20180308_S	0.0	0.0	1.229708276305612	5.50424081441482	0.0	0.0	19.2648428504519	7.993103795986477	0.0	1802.1374789258743	2.75212040720741	5.50424081441482	2.75212040720741	1.37606020360371	0.0	1.37606020360371	2.75212040720741	8.25636122162224	5.50424081441482	2.75212040720741	5.50424081441482	0.0	0.0	0.0	0.0	0.0	13.7606020360371	360.069086609636	0.0	5.50424081441482	19.2648428504519	4578.84032749133	0.0	0.0	0.0	0.0	11.0084816288296	821.966628285947	0.0	4.12818061081112	0.0	0.0	0.0	0.0	1.0	0.0	1.0
788707_20180313_S	0.0	0.0	0.5528735047536064	0.0	0.0	0.0	0.872752036216214	3.870114533275245	0.0	2208.176777985904	0.0	70.6929149335134	0.0	0.0	0.0	0.0	0.0	0.0	0.0	0.0	0.0	0.0	0.0	0.0	0.872752036216214	0.0	44.5103538470269	713.474789606755	0.0	0.0	0.872752036216214	2945.53812222972	0.0	0.0	0.0	0.0	1.30912805432432	370.919615391891	0.0	0.0	0.0	0.0	0.0	0.0	1.0	0.0	1.0
788707_20181116_S	2.07315391110924	0.0	2.756841101192609	6.21946173332773	0.07725	2.07315391110924	10.0202439036947	30.325252113118705	3.10973086666387	3312.8040565997853	50.7922708221765	72.5603868888236	0.0	0.0	0.0	0.0	10.3657695555462	6.21946173332773	0.0	0.0	0.0	0.0	3.10973086666387	1.03657695555462	1.38210260740616	0.0	16.585231288874	195.221993296121	0.1241	0.0	9.50195542591737	2643.27123666429	0.0	0.0	0.011705	2.07315391110924	0.0	296.633772114548	0.07777	0.0	27.9875777999748	0.0	0.0	1.0	1.0	0.0	1.0
788707_20181129_S	0.0	0.0	0.0	0.0	0.0	0.0	0.0	0.0	0.0	2588.3257583039253	15.1823827101292	106.276678970904	0.0	0.0	0.0	0.0	0.0	0.0	0.0	7.59119135506461	7.59119135506461	0.0	0.0	0.0	10.1215884734195	0.0	22.7735740651938	161.945415574712	0.0	15.1823827101292	15.1823827101292	2812.53639705144	0.0	0.0	0.0	0.0	0.0	576.93054298491	0.0	0.0	30.3647654202584	0.0	0.0	0.0	0.0	0.0	0.0
802187_20180321_S	0.0	0.0	2.7114246045175383	0.0	0.0	1.16206457782665	95.9348868139116	33.72334351868689	1.67853772352739	1285.554190616878	61.9767774840883	2541.04787684762	1.54941943710221	0.0	0.0	0.0	8.13445204478658	3.48619373347996	0.0	0.774709718551103	0.774709718551103	0.0	6.19767774840883	0.193677429637776	4.90649488415699	0.5083921133470385	2.71148401492886	258.882164282494	0.0	0.0	93.4170802286205	4636.63766552835	0.0	0.0	0.0	0.0	0.0	201.166290250436	0.03062	0.774709718551103	196.388913652705	0.0	1.16206457782665	0.0	0.0	0.0	0.0
802971_20180605_S	0.0	1.3946709622532305	0.0	0.0	0.0	0.0	62.9448040946945	11.157367698025842	0.0	1112.947427878078	15.7362010236736	90.4831558861234	0.0	0.0	0.0	0.0	0.0	15.7362010236736	0.0	7.86810051183682	7.86810051183682	0.0	15.7362010236736	0.0	2.62270017061227	0.0	7.86810051183682	313.412670388167	0.3195	0.0	70.8129046065314	3088.22945089595	0.0	0.0	0.104	0.0	0.0	182.277661857553	0.1948	0.0	0.0	0.0	0.0	1.0	1.0		
810653_20180115_S	0.0	0.0	4.612991835975606	1.10911199102925	0.0	0.0	94.1820932382342	106.82717935943508	6.46981994767065	2506.068512154748	244.559194021951	71.5377234213869	0.0	0.0	3.88189196860239	0.0	28.282355771246	0.0	0.0	0.0	0.0	0.0	6.1001159506609	0.554555995514627	3.51218797159264	0.0	2.21822398205851	310.181653491181	0.0	0.0	93.0729812472049	2930.27388029929	0.0	0.0	0.0295	0.0	0.0	250.382031974854	0.02929	0.0	65.9921634662406	0.0	0.554555995514627	0.0			
825012_20171123_S	0.0	0.0	2.196396090540467	2.10677494580297	0.0	0.0	16.5030704087899	17.884939594400947	0.936344420356876	3124.216553358776	32.3038825023122	388.348848343014	0.0	2.80903326107063	0.0	2.80903326107063	3.51129157633828	0.0	0.0	0.0	0.0	0.0	5.61806652214125	0.0	1.63860273562453	0.0	0.0	581.001712831442	0.0	0.0	14.396295462987	3242.32664159077	0.0	0.0	0.0	0.0	0.0	295.767793780228	0.0	0.0	49.158082068736	0.0	0.0	0.0			
825012_20171129_S	0.0	0.0	0.0	0.0	0.0	0.0	8.44797563121086	16.85487948761166	0.0	3247.373447946514	25.3439268936326	101.37570757453	0.0	0.0	0.0	0.0	0.0	0.0	0.0	0.0	0.0	0.0	25.3439268936326	0.0	8.44797563121086	0.0	25.3439268936326	1237.62842997239	0.0	0.0	8.44797563121086	3529.14181993834	0.0	0.0	0.0	0.0	0.0	310.463104446999	0.0	0.0	12.6719634468163	0.0	25.3439268936326	0.0			
825012_20171206_S	0.0	0.0	1.921109632923977	0.0	0.0	0.0	0.47676344206261	3.522034327027291	0.0	1739.2445876738404	2.86058065237566	131.58671000928	0.0	0.0	0.0	0.0	4.29087097856349	2.14543548928174	0.0	0.0	0.0	0.0	0.0	0.0	0.47676344206261	0.0	2.14543548928174	127.295839030717	0.0	0.0	0.834336023609567	3023.27617697952	0.0	0.0	0.0	0.0	0.0	240.646347381102	0.0	0.0	1.43029032618783	0.0	0.0	0.0			
825012_20181113_S	0.0	0.0	0.0	0.0	0.0	0.0	0.0	0.0	0.0	2012.0169781158704	0.0	1167.97370390632	0.0	15.9996397795387	0.0	15.9996397795387	0.0	15.9996397795387	0.0	0.0	0.0	0.0	0.0	0.0	0.0	0.0	31.9992795590774	293.326729291543	0.0	0.0	0.0	3295.92579458497	0.0	0.0	0.0	0.0	0.0	317.326188960851	0.0	0.0	0.0	0.0	0.0	0.0			
825012_20181120_S	23.3412641762057	0.0	0.0	46.6825283524114	0.0	0.0	15.5608427841371	0.0	0.0	7025.968879925718	0.0	46.6825283524114	0.0	0.0	0.0	23.3412641762057	23.3412641762057	0.0	0.0	0.0	0.0	1.909	0.0	11.6706320881028	0.0	0.0	23.3412641762057	194.510534801714	0.0	35.0118962643085	15.5608427841371	3203.58850818423	0.0	0.0	0.0	0.0	0.0	266.479432678348	0.5931	0.0	0.0	0.3261	0.0	0.0			
825012_20181126_S	0.0	0.0	0.0	0.0	0.0	0.0	0.0	0.0	0.0	4049.211503382968	0.0	97.760236502628	0.0	0.0	0.0	0.0	0.0	0.0	0.0	0.0	0.0	0.0	0.0	0.0	0.0	0.0	0.0	400.351444725048	0.0	0.0	0.0	3666.00886884855	0.0	0.0	0.0	0.0	27.931496143608	193.192848326622	0.0	0.0	0.0	0.0	0.0	0.0			
848255_20190228_S	0.0	0.0	1.2195728763089675	0.0	0.0	0.0	25.1803902910037	56.832096035997886	0.0	2673.5476594445186	112.496563818081	194.015812961618	0.0	0.0	4.34769328765532	0.0	11.4126948800952	3.26076996574149	0.0	0.0	0.0	0.0	0.0	0.0	0.543461660956914	0.0	0.0	260.499289485348	0.0	0.0	24.6369286300468	2707.52599488735	0.0	0.0	0.0	0.0	0.0	221.732357670421	0.0	0.543461660956914	147.821571780281	0.0	0.0	0.0			
875028_20180115_S	0.0	0.0	2.8241002633799352	1.07163466973918	0.0	0.0	70.9064939810756	82.76786156521196	8.75168313620328	1761.369610421886	205.753856589922	33.2206747619145	0.0	0.0	1.60745200460877	0.535817334869589	25.7192320737403	0.0	0.0	0.0	0.0	0.0	2.14326933947836	0.0	3.21490400921753	0.0	0.535817334869589	290.412995499317	0.0	0.0	67.6915899718581	3043.17455339183	0.0	0.0	0.0	0.0	1.07163466973918	252.369964723576	0.01546	0.0	43.9370214593063	0.0	0.0	0.0	1.0		
877469_20190115_S	0.0	0.0	13.549033953879087	27.396151382131	0.0	0.0	68.4903784553274	20.323550930818637	0.0	10568.246484025687	0.0	0.0	0.0	0.0	27.396151382131	0.0	0.0	82.1884541463929	13.6980756910655	13.6980756910655	41.0942270731964	0.0	27.396151382131	0.0	0.0	0.0	136.980756910655	191.773059674917	0.0	82.1884541463929	95.8865298374583	2616.33245699351	13.6980756910655	0.0	0.0	0.0	54.7923027642619	244.282349824001	0.0	13.6980756910655	0.0	0.0	27.396151382131	0.0	0.0	0.0	0.0
892355_20180123_S	0.0	0.0	0.0	22.1465408131482	0.0	0.0	3.6910901355247	3.302171838418128	18.4554506776235	5960.42016834472	0.0	11.0732704065741	0.0	0.0	0.0	33.2198112197223	5.53663520328705	49.8297168295834	0.0	13.8415880082176	13.8415880082176	0.2544	0.0	0.0	0.0	0.0	22.1465408131482	36.910901355247	0.0	0.0	3.6910901355247	2400.13136062494	0.0	1.375	0.02784	0.0	0.0	32.2970386858411	0.1985	0.0	16.6099056098611	0.0	0.0	0.0	0.0	0.0	0.0
895293_20180502_S	68.0616597043684	1.5347280174191629	1.918410021773954	373.393827544799	2.923	12.2889107799554	112.01814826344	17.265690195965583	52.6217461603218	16982.53287675175	38.7573339983209	732.608142651187	19.8513174137741	34.5034802667979	37.8120331690935	85.5497250450741	23.6325207306835	118.162603653417	0.0	93.5847820935065	101.147188727325	0.8296	98.3112862396432	50.1009439490489	3.78120331690935	1.918410021773954	263.738931354427	261.218129143155	1.133	96.4206845811885	122.41645738494	2586.343068766	14.1795124384101	1.391	0.1609	49.1556431198216	135.178018579509	265.629533012882	5.763	15.1248132676374	31.1949273645022	7.766	28.3590248768202	1.0	1.0		
896213_20180427_S	0.0	0.0	15.980056889002524	127.004043163634	0.0	0.0	88.1972521969682	31.96011377800505	0.0	6631.723608936049	127.004043163634	127.004043163634	0.0	21.1673405272724	0.0	21.1673405272724	0.0	190.506064745451	0.0	21.1673405272724	21.1673405272724	0.0	0.0	0.0	0.0	0.0	63.5020215818171	225.784965624239	0.0	84.6693621090894	88.1972521969682	3714.8682625363	0.0	0.0	0.0	0.0	105.836702636362	201.089735009087	0.0	0.0	42.3346810545447	0.0	42.3346810545447	0.0			
913873_20180417_S	0.0	0.0	0.0	96.7283812931453	0.0	0.0	177.3353657041	75.50018875047188	16.1213968821909	6587.391468478671	96.7283812931453	0.0	0.0	48.3641906465726	0.0	48.3641906465726	0.0	290.185143879436	0.0	0.0	0.0	0.0	0.0	0.0	0.0	0.0	0.0	257.942350115054	0.0	48.3641906465726	225.699556350672	2466.5737229752	0.0	0.0	0.0	0.0	0.0	161.213968821909	0.0	0.0	0.0	0.0	0.0	0.0			
980574_20180403_S	10.5386717878589	0.0	1.307733149204506	82.2016399452992	0.2539	7.37707025150122	26.5223239994448	10.897776243370885	20.7260545161225	5529.96757693612	16.8618748605742	94.8480460907299	2.10773435757178	6.32320307271533	1.05386717878589	23.1850779332895	6.32320307271533	26.3466794696472	11.5925389666448	36.3584176681131	40.5738863832567	0.4438	0.0	18.442675628753	2.81031247676237	0.0	86.4171086604428	224.122420021799	0.2288	43.2085543302214	27.5761911782307	3477.76168999343	6.32320307271533	0.7677	0.02892	6.32320307271533	50.5856245817226	250.117810431851	1.514	3.16160153635766	57.9626948332238	2.115	4.21546871514355	1.0	1.0		
983493_20180123_S	372.993210059028	2.5535348583043507	30.64241829965221	5182.64249766229	47.63	157.049772656433	1892.23163582577	135.33734749013058	501.686773763605	172455.53019044263	549.674204297515	3494.35744160563	85.0686268555678	81.7967565918921	235.574658984649	500.59615034238	353.361988476974	1020.82352226681	65.4374052735137	1563.95398603698	1845.33482871309	49.02	0.0	598.75225825265	58.8936647461623	7.6606045749130525	2885.78957256195	2935.95824993832	21.08	817.967565918921	2078.72824085529	4112.74092144034	114.515459228649	147.7	6.64	215.943437402595	1426.5354349626	714.358340902525	90.19	183.224734765838	235.574658984649	39.11	268.293361621406	1.0	1.0		
